paper_identity,row_key,paper_id,use_case_key,split_set,label_positive,title
doi:10.1001/archpsyc.1994.03950090019003,synergy_brouwer_2019__doi:10.1001/archpsyc.1994.03950090019003,doi:10.1001/archpsyc.1994.03950090019003,synergy_brouwer_2019,large_set_a,0,Mood-Lowering Effect of Tryptophan Depletion
doi:10.1001/archpsyc.1994.03950090019003,synergy_walker_2018__doi:10.1001/archpsyc.1994.03950090019003,doi:10.1001/archpsyc.1994.03950090019003,synergy_walker_2018,large_set_b,0,Mood-Lowering Effect of Tryptophan Depletion
doi:10.1001/jama.2011.1080,synergy_brouwer_2019__doi:10.1001/jama.2011.1080,doi:10.1001/jama.2011.1080,synergy_brouwer_2019,large_set_a,0,Adjunctive Risperidone Treatment for Antidepressant-Resistant Symptoms of Chronic Military Service–Related PTSD
doi:10.1001/jama.2011.1080,synergy_walker_2018__doi:10.1001/jama.2011.1080,doi:10.1001/jama.2011.1080,synergy_walker_2018,large_set_b,0,Adjunctive Risperidone Treatment for Antidepressant-Resistant Symptoms of Chronic Military Service–Related PTSD
doi:10.1001/jamapsychiatry.2013.268,synergy_brouwer_2019__doi:10.1001/jamapsychiatry.2013.268,doi:10.1001/jamapsychiatry.2013.268,synergy_brouwer_2019,large_set_a,0,"Fecundity of Patients With Schizophrenia, Autism, Bipolar Disorder, Depression, Anorexia Nervosa, or Substance Abuse vs Their Unaffected Siblings"
doi:10.1001/jamapsychiatry.2013.268,synergy_walker_2018__doi:10.1001/jamapsychiatry.2013.268,doi:10.1001/jamapsychiatry.2013.268,synergy_walker_2018,large_set_b,0,"Fecundity of Patients With Schizophrenia, Autism, Bipolar Disorder, Depression, Anorexia Nervosa, or Substance Abuse vs Their Unaffected Siblings"
doi:10.1002/(sici)1096-8628(19970531)74:3<275::aid-ajmg7>3.0.co;2-p,synergy_brouwer_2019__doi:10.1002/(sici)1096-8628(19970531)74:3<275::aid-ajmg7>3.0.co;2-p,doi:10.1002/(sici)1096-8628(19970531)74:3<275::aid-ajmg7>3.0.co;2-p,synergy_brouwer_2019,large_set_a,0,Anticipation in schizophrenia: Biology or bias?
doi:10.1002/(sici)1096-8628(19970531)74:3<275::aid-ajmg7>3.0.co;2-p,synergy_walker_2018__doi:10.1002/(sici)1096-8628(19970531)74:3<275::aid-ajmg7>3.0.co;2-p,doi:10.1002/(sici)1096-8628(19970531)74:3<275::aid-ajmg7>3.0.co;2-p,synergy_walker_2018,large_set_b,0,Anticipation in schizophrenia: Biology or bias?
doi:10.1002/1097-4679(198407)40:4<914::aid-jclp2270400408>3.0.co;2-u,synergy_brouwer_2019__doi:10.1002/1097-4679(198407)40:4<914::aid-jclp2270400408>3.0.co;2-u,doi:10.1002/1097-4679(198407)40:4<914::aid-jclp2270400408>3.0.co;2-u,synergy_brouwer_2019,large_set_a,0,Parental communication of holocaust experiences and personality characteristics among second-generation survivors
doi:10.1002/1097-4679(198407)40:4<914::aid-jclp2270400408>3.0.co;2-u,synergy_walker_2018__doi:10.1002/1097-4679(198407)40:4<914::aid-jclp2270400408>3.0.co;2-u,doi:10.1002/1097-4679(198407)40:4<914::aid-jclp2270400408>3.0.co;2-u,synergy_walker_2018,large_set_b,0,Parental communication of holocaust experiences and personality characteristics among second-generation survivors
doi:10.1002/14651858.cd006534.pub2,synergy_brouwer_2019__doi:10.1002/14651858.cd006534.pub2,doi:10.1002/14651858.cd006534.pub2,synergy_brouwer_2019,large_set_a,0,Citalopram versus other anti-depressive agents for depression
doi:10.1002/14651858.cd006534.pub2,synergy_walker_2018__doi:10.1002/14651858.cd006534.pub2,doi:10.1002/14651858.cd006534.pub2,synergy_walker_2018,large_set_b,0,Citalopram versus other anti-depressive agents for depression
doi:10.1002/ajmg.1320210408,synergy_brouwer_2019__doi:10.1002/ajmg.1320210408,doi:10.1002/ajmg.1320210408,synergy_brouwer_2019,large_set_a,0,"Linear skin atrophy, scarring alopecia, anonychia, and tongue lesion: A “new” syndrome?"
doi:10.1002/ajmg.1320210408,synergy_walker_2018__doi:10.1002/ajmg.1320210408,doi:10.1002/ajmg.1320210408,synergy_walker_2018,large_set_b,0,"Linear skin atrophy, scarring alopecia, anonychia, and tongue lesion: A “new” syndrome?"
doi:10.1002/ajmg.a.30524,synergy_brouwer_2019__doi:10.1002/ajmg.a.30524,doi:10.1002/ajmg.a.30524,synergy_brouwer_2019,large_set_a,0,Maternal inheritance in cyclic vomiting syndrome
doi:10.1002/ajmg.a.30524,synergy_walker_2018__doi:10.1002/ajmg.a.30524,doi:10.1002/ajmg.a.30524,synergy_walker_2018,large_set_b,0,Maternal inheritance in cyclic vomiting syndrome
doi:10.1002/art.21208,synergy_leenaars_2020__doi:10.1002/art.21208,doi:10.1002/art.21208,synergy_leenaars_2020,large_set_a,1,Genetically based resistance to the antiinflammatory effects of methotrexate in the air-pouch model of acute inflammation
doi:10.1002/art.21208,synergy_walker_2018__doi:10.1002/art.21208,doi:10.1002/art.21208,synergy_walker_2018,large_set_b,0,Genetically based resistance to the antiinflammatory effects of methotrexate in the air-pouch model of acute inflammation
doi:10.1002/bies.20522,synergy_moran_2021__doi:10.1002/bies.20522,doi:10.1002/bies.20522,synergy_moran_2021,large_set_a,0,Non-genomic transgenerational inheritance of disease risk
doi:10.1002/bies.20522,synergy_walker_2018__doi:10.1002/bies.20522,doi:10.1002/bies.20522,synergy_walker_2018,large_set_b,1,Non-genomic transgenerational inheritance of disease risk
doi:10.1007/s00167-009-1028-1,synergy_jeyaraman_2020__doi:10.1007/s00167-009-1028-1,doi:10.1007/s00167-009-1028-1,synergy_jeyaraman_2020,large_set_b,1,Matrix-induced autologous chondrocyte implantation versus microfracture in the treatment of cartilage defects of the knee: a 2-year randomised study
doi:10.1007/s00167-009-1028-1,synergy_van_dis_2020__doi:10.1007/s00167-009-1028-1,doi:10.1007/s00167-009-1028-1,synergy_van_dis_2020,large_set_a,0,Matrix-induced autologous chondrocyte implantation versus microfracture in the treatment of cartilage defects of the knee: a 2-year randomised study
doi:10.1007/s00167-009-1028-1,synergy_walker_2018__doi:10.1007/s00167-009-1028-1,doi:10.1007/s00167-009-1028-1,synergy_walker_2018,large_set_b,0,Matrix-induced autologous chondrocyte implantation versus microfracture in the treatment of cartilage defects of the knee: a 2-year randomised study
doi:10.1007/s00406-012-0339-2,synergy_moran_2021__doi:10.1007/s00406-012-0339-2,doi:10.1007/s00406-012-0339-2,synergy_moran_2021,large_set_a,0,Prevalence of the metabolic syndrome in patients with borderline personality disorder: results from a cross-sectional study
doi:10.1007/s00406-012-0339-2,synergy_walker_2018__doi:10.1007/s00406-012-0339-2,doi:10.1007/s00406-012-0339-2,synergy_walker_2018,large_set_b,0,Prevalence of the metabolic syndrome in patients with borderline personality disorder: results from a cross-sectional study
doi:10.1007/s00442-009-1439-1,synergy_moran_2021__doi:10.1007/s00442-009-1439-1,doi:10.1007/s00442-009-1439-1,synergy_moran_2021,large_set_a,0,Counterintuitive size patterns in bivoltine moths: late-season larvae grow larger despite lower food quality
doi:10.1007/s00442-009-1439-1,synergy_walker_2018__doi:10.1007/s00442-009-1439-1,doi:10.1007/s00442-009-1439-1,synergy_walker_2018,large_set_b,0,Counterintuitive size patterns in bivoltine moths: late-season larvae grow larger despite lower food quality
doi:10.1007/s00520-007-0320-1,synergy_van_dis_2020__doi:10.1007/s00520-007-0320-1,doi:10.1007/s00520-007-0320-1,synergy_van_dis_2020,large_set_a,0,Breast cancer and psychological distress: mothers’ and daughters’ traumatic experiences
doi:10.1007/s00520-007-0320-1,synergy_walker_2018__doi:10.1007/s00520-007-0320-1,doi:10.1007/s00520-007-0320-1,synergy_walker_2018,large_set_b,0,Breast cancer and psychological distress: mothers’ and daughters’ traumatic experiences
doi:10.1007/s10067-006-0214-5,synergy_leenaars_2020__doi:10.1007/s10067-006-0214-5,doi:10.1007/s10067-006-0214-5,synergy_leenaars_2020,large_set_a,0,Anti-CCP antibodies in rheumatoid arthritis and psoriatic arthritis
doi:10.1007/s10067-006-0214-5,synergy_walker_2018__doi:10.1007/s10067-006-0214-5,doi:10.1007/s10067-006-0214-5,synergy_walker_2018,large_set_b,0,Anti-CCP antibodies in rheumatoid arthritis and psoriatic arthritis
doi:10.1007/s10964-011-9740-9,synergy_brouwer_2019__doi:10.1007/s10964-011-9740-9,doi:10.1007/s10964-011-9740-9,synergy_brouwer_2019,large_set_a,0,The Role of Parenting and Mother-Adolescent Attachment in the Intergenerational Similarity of Internalizing Symptoms
doi:10.1007/s10964-011-9740-9,synergy_walker_2018__doi:10.1007/s10964-011-9740-9,doi:10.1007/s10964-011-9740-9,synergy_walker_2018,large_set_b,0,The Role of Parenting and Mother-Adolescent Attachment in the Intergenerational Similarity of Internalizing Symptoms
doi:10.1007/s10995-010-0650-3,synergy_van_dis_2020__doi:10.1007/s10995-010-0650-3,doi:10.1007/s10995-010-0650-3,synergy_van_dis_2020,large_set_a,0,Antecedents and Consequences of Caregiving Structure on Young Mothers and Their Infants
doi:10.1007/s10995-010-0650-3,synergy_walker_2018__doi:10.1007/s10995-010-0650-3,doi:10.1007/s10995-010-0650-3,synergy_walker_2018,large_set_b,0,Antecedents and Consequences of Caregiving Structure on Young Mothers and Their Infants
doi:10.1007/s11121-011-0223-8,synergy_brouwer_2019__doi:10.1007/s11121-011-0223-8,doi:10.1007/s11121-011-0223-8,synergy_brouwer_2019,large_set_a,0,Contribution of Family Violence to the Intergenerational Transmission of Externalizing Behavior
doi:10.1007/s11121-011-0223-8,synergy_walker_2018__doi:10.1007/s11121-011-0223-8,doi:10.1007/s11121-011-0223-8,synergy_walker_2018,large_set_b,0,Contribution of Family Violence to the Intergenerational Transmission of Externalizing Behavior
doi:10.1007/s11121-012-0277-2,synergy_brouwer_2019__doi:10.1007/s11121-012-0277-2,doi:10.1007/s11121-012-0277-2,synergy_brouwer_2019,large_set_a,0,"The Family Spirit Trial for American Indian Teen Mothers and Their Children: CBPR Rationale, Design, Methods and Baseline Characteristics"
doi:10.1007/s11121-012-0277-2,synergy_walker_2018__doi:10.1007/s11121-012-0277-2,doi:10.1007/s11121-012-0277-2,synergy_walker_2018,large_set_b,0,"The Family Spirit Trial for American Indian Teen Mothers and Their Children: CBPR Rationale, Design, Methods and Baseline Characteristics"
doi:10.1007/s11899-007-0012-4,synergy_brouwer_2019__doi:10.1007/s11899-007-0012-4,doi:10.1007/s11899-007-0012-4,synergy_brouwer_2019,large_set_a,0,Second-generation tyrosine kinase inhibitors as therapy for chronic myeloid leukemia
doi:10.1007/s11899-007-0012-4,synergy_walker_2018__doi:10.1007/s11899-007-0012-4,doi:10.1007/s11899-007-0012-4,synergy_walker_2018,large_set_b,0,Second-generation tyrosine kinase inhibitors as therapy for chronic myeloid leukemia
doi:10.1016/j.arr.2005.03.007,synergy_moran_2021__doi:10.1016/j.arr.2005.03.007,doi:10.1016/j.arr.2005.03.007,synergy_moran_2021,large_set_a,0,Intergenerational transfers may have decoupled physiological and chronological age in a eusocial insect
doi:10.1016/j.arr.2005.03.007,synergy_walker_2018__doi:10.1016/j.arr.2005.03.007,doi:10.1016/j.arr.2005.03.007,synergy_walker_2018,large_set_b,0,Intergenerational transfers may have decoupled physiological and chronological age in a eusocial insect
doi:10.1016/j.biopha.2007.12.005,synergy_brouwer_2019__doi:10.1016/j.biopha.2007.12.005,doi:10.1016/j.biopha.2007.12.005,synergy_brouwer_2019,large_set_a,0,Does minocycline have antidepressant effect?
doi:10.1016/j.biopha.2007.12.005,synergy_walker_2018__doi:10.1016/j.biopha.2007.12.005,doi:10.1016/j.biopha.2007.12.005,synergy_walker_2018,large_set_b,0,Does minocycline have antidepressant effect?
doi:10.1016/j.biopsych.2010.05.036,synergy_brouwer_2019__doi:10.1016/j.biopsych.2010.05.036,doi:10.1016/j.biopsych.2010.05.036,synergy_brouwer_2019,large_set_a,0,Epigenetic Transmission of the Impact of Early Stress Across Generations
doi:10.1016/j.biopsych.2010.05.036,synergy_walker_2018__doi:10.1016/j.biopsych.2010.05.036,doi:10.1016/j.biopsych.2010.05.036,synergy_walker_2018,large_set_b,0,Epigenetic Transmission of the Impact of Early Stress Across Generations
doi:10.1016/j.brainresrev.2007.06.013,synergy_moran_2021__doi:10.1016/j.brainresrev.2007.06.013,doi:10.1016/j.brainresrev.2007.06.013,synergy_moran_2021,large_set_a,0,Fetal programming of hypothalamic–pituitary–adrenal (HPA) axis function and behavior by synthetic glucocorticoids
doi:10.1016/j.brainresrev.2007.06.013,synergy_walker_2018__doi:10.1016/j.brainresrev.2007.06.013,doi:10.1016/j.brainresrev.2007.06.013,synergy_walker_2018,large_set_b,1,Fetal programming of hypothalamic–pituitary–adrenal (HPA) axis function and behavior by synthetic glucocorticoids
doi:10.1016/j.clineuro.2007.01.009,synergy_brouwer_2019__doi:10.1016/j.clineuro.2007.01.009,doi:10.1016/j.clineuro.2007.01.009,synergy_brouwer_2019,large_set_a,0,Juvenile Behçet's disease: Highlighting neuropsychiatric manifestations and putative genetic mechanisms
doi:10.1016/j.clineuro.2007.01.009,synergy_walker_2018__doi:10.1016/j.clineuro.2007.01.009,doi:10.1016/j.clineuro.2007.01.009,synergy_walker_2018,large_set_b,0,Juvenile Behçet's disease: Highlighting neuropsychiatric manifestations and putative genetic mechanisms
doi:10.1016/j.comppsych.2007.04.005,synergy_brouwer_2019__doi:10.1016/j.comppsych.2007.04.005,doi:10.1016/j.comppsych.2007.04.005,synergy_brouwer_2019,large_set_a,0,Low birth weight and risk of affective disorders and selected medical illness in offspring at high and low risk for depression
doi:10.1016/j.comppsych.2007.04.005,synergy_walker_2018__doi:10.1016/j.comppsych.2007.04.005,doi:10.1016/j.comppsych.2007.04.005,synergy_walker_2018,large_set_b,0,Low birth weight and risk of affective disorders and selected medical illness in offspring at high and low risk for depression
doi:10.1016/j.earlhumdev.2006.07.001,synergy_moran_2021__doi:10.1016/j.earlhumdev.2006.07.001,doi:10.1016/j.earlhumdev.2006.07.001,synergy_moran_2021,large_set_a,0,The Dutch famine and its long-term consequences for adult health
doi:10.1016/j.earlhumdev.2006.07.001,synergy_walker_2018__doi:10.1016/j.earlhumdev.2006.07.001,doi:10.1016/j.earlhumdev.2006.07.001,synergy_walker_2018,large_set_b,0,The Dutch famine and its long-term consequences for adult health
doi:10.1016/j.encep.2007.12.003,synergy_brouwer_2019__doi:10.1016/j.encep.2007.12.003,doi:10.1016/j.encep.2007.12.003,synergy_brouwer_2019,large_set_a,0,Données actuelles et modalités d’utilisation de l’aripiprazole dans le traitement de la schizophrénie
doi:10.1016/j.encep.2007.12.003,synergy_walker_2018__doi:10.1016/j.encep.2007.12.003,doi:10.1016/j.encep.2007.12.003,synergy_walker_2018,large_set_b,0,Données actuelles et modalités d’utilisation de l’aripiprazole dans le traitement de la schizophrénie
doi:10.1016/j.ijnurstu.2012.06.011,synergy_brouwer_2019__doi:10.1016/j.ijnurstu.2012.06.011,doi:10.1016/j.ijnurstu.2012.06.011,synergy_brouwer_2019,large_set_a,0,Parenting burn-injured children in India: A grounded theory study
doi:10.1016/j.ijnurstu.2012.06.011,synergy_walker_2018__doi:10.1016/j.ijnurstu.2012.06.011,doi:10.1016/j.ijnurstu.2012.06.011,synergy_walker_2018,large_set_b,0,Parenting burn-injured children in India: A grounded theory study
doi:10.1016/j.ijpsycho.2005.10.009,synergy_brouwer_2019__doi:10.1016/j.ijpsycho.2005.10.009,doi:10.1016/j.ijpsycho.2005.10.009,synergy_brouwer_2019,large_set_a,0,Blunted hypothalamic–pituitary–adrenocortical axis responsivity to stress in persons with a family history of alcoholism
doi:10.1016/j.ijpsycho.2005.10.009,synergy_walker_2018__doi:10.1016/j.ijpsycho.2005.10.009,doi:10.1016/j.ijpsycho.2005.10.009,synergy_walker_2018,large_set_b,0,Blunted hypothalamic–pituitary–adrenocortical axis responsivity to stress in persons with a family history of alcoholism
doi:10.1016/j.jad.2012.02.015,synergy_brouwer_2019__doi:10.1016/j.jad.2012.02.015,doi:10.1016/j.jad.2012.02.015,synergy_brouwer_2019,large_set_a,0,"Association of TPH1, TPH2, and 5HTTLPR with PTSD and depressive symptoms"
doi:10.1016/j.jad.2012.02.015,synergy_walker_2018__doi:10.1016/j.jad.2012.02.015,doi:10.1016/j.jad.2012.02.015,synergy_walker_2018,large_set_b,0,"Association of TPH1, TPH2, and 5HTTLPR with PTSD and depressive symptoms"
doi:10.1016/j.janxdis.2008.01.005,synergy_van_dis_2020__doi:10.1016/j.janxdis.2008.01.005,doi:10.1016/j.janxdis.2008.01.005,synergy_van_dis_2020,large_set_a,0,An integrated approach to panic prevention targeting the empirically supported risk factors of smoking and anxiety sensitivity: Theoretical basis and evidence from a pilot project evaluating feasibility and short-term efficacy
doi:10.1016/j.janxdis.2008.01.005,synergy_walker_2018__doi:10.1016/j.janxdis.2008.01.005,doi:10.1016/j.janxdis.2008.01.005,synergy_walker_2018,large_set_b,0,An integrated approach to panic prevention targeting the empirically supported risk factors of smoking and anxiety sensitivity: Theoretical basis and evidence from a pilot project evaluating feasibility and short-term efficacy
doi:10.1016/j.jaut.2006.09.005,synergy_leenaars_2020__doi:10.1016/j.jaut.2006.09.005,doi:10.1016/j.jaut.2006.09.005,synergy_leenaars_2020,large_set_a,0,Second-generation peptidomimetic inhibitors of antigen presentation effectively treat autoimmune diseases in HLA-DR-transgenic mouse models
doi:10.1016/j.jaut.2006.09.005,synergy_walker_2018__doi:10.1016/j.jaut.2006.09.005,doi:10.1016/j.jaut.2006.09.005,synergy_walker_2018,large_set_b,0,Second-generation peptidomimetic inhibitors of antigen presentation effectively treat autoimmune diseases in HLA-DR-transgenic mouse models
doi:10.1016/j.jbspin.2008.09.010,synergy_leenaars_2020__doi:10.1016/j.jbspin.2008.09.010,doi:10.1016/j.jbspin.2008.09.010,synergy_leenaars_2020,large_set_a,0,"Prospective cohort study of effects of infliximab on rheumatoid factor, anti-cyclic citrullinated peptide antibodies and antinuclear antibodies in patients with long-standing rheumatoid arthritis"
doi:10.1016/j.jbspin.2008.09.010,synergy_walker_2018__doi:10.1016/j.jbspin.2008.09.010,doi:10.1016/j.jbspin.2008.09.010,synergy_walker_2018,large_set_b,0,"Prospective cohort study of effects of infliximab on rheumatoid factor, anti-cyclic citrullinated peptide antibodies and antinuclear antibodies in patients with long-standing rheumatoid arthritis"
doi:10.1016/j.jbtep.2011.05.001,synergy_brouwer_2019__doi:10.1016/j.jbtep.2011.05.001,doi:10.1016/j.jbtep.2011.05.001,synergy_brouwer_2019,large_set_a,0,"Schema therapy, motivational interviewing, and collaborative-mapping as treatment for depression among low income, second generation Latinas"
doi:10.1016/j.jbtep.2011.05.001,synergy_walker_2018__doi:10.1016/j.jbtep.2011.05.001,doi:10.1016/j.jbtep.2011.05.001,synergy_walker_2018,large_set_b,0,"Schema therapy, motivational interviewing, and collaborative-mapping as treatment for depression among low income, second generation Latinas"
doi:10.1016/j.jdent.2012.10.017,synergy_van_dis_2020__doi:10.1016/j.jdent.2012.10.017,doi:10.1016/j.jdent.2012.10.017,synergy_van_dis_2020,large_set_a,0,Durable bonding to mechanically and/or chemically pre-treated dental zirconia
doi:10.1016/j.jdent.2012.10.017,synergy_wassenaar_2017__doi:10.1016/j.jdent.2012.10.017,doi:10.1016/j.jdent.2012.10.017,synergy_wassenaar_2017,large_set_b,0,Durable bonding to mechanically and/or chemically pre-treated dental zirconia
doi:10.1016/j.jprot.2011.07.010,synergy_moran_2021__doi:10.1016/j.jprot.2011.07.010,doi:10.1016/j.jprot.2011.07.010,synergy_moran_2021,large_set_a,0,"Green systems biology — From single genomes, proteomes and metabolomes to ecosystems research and biotechnology"
doi:10.1016/j.jprot.2011.07.010,synergy_walker_2018__doi:10.1016/j.jprot.2011.07.010,doi:10.1016/j.jprot.2011.07.010,synergy_walker_2018,large_set_b,0,"Green systems biology — From single genomes, proteomes and metabolomes to ecosystems research and biotechnology"
doi:10.1016/j.jpsychires.2005.01.005,synergy_brouwer_2019__doi:10.1016/j.jpsychires.2005.01.005,doi:10.1016/j.jpsychires.2005.01.005,synergy_brouwer_2019,large_set_a,0,Creativity in familial bipolar disorder
doi:10.1016/j.jpsychires.2005.01.005,synergy_walker_2018__doi:10.1016/j.jpsychires.2005.01.005,doi:10.1016/j.jpsychires.2005.01.005,synergy_walker_2018,large_set_b,0,Creativity in familial bipolar disorder
doi:10.1016/j.knee.2005.05.006,synergy_jeyaraman_2020__doi:10.1016/j.knee.2005.05.006,doi:10.1016/j.knee.2005.05.006,synergy_jeyaraman_2020,large_set_b,0,Autologous osteochondral transplantation for the treatment of chondral defects of the knee
doi:10.1016/j.knee.2005.05.006,synergy_van_dis_2020__doi:10.1016/j.knee.2005.05.006,doi:10.1016/j.knee.2005.05.006,synergy_van_dis_2020,large_set_a,0,Autologous osteochondral transplantation for the treatment of chondral defects of the knee
doi:10.1016/j.plefa.2008.05.003,synergy_moran_2021__doi:10.1016/j.plefa.2008.05.003,doi:10.1016/j.plefa.2008.05.003,synergy_moran_2021,large_set_a,0,Synergistic effects of stress and omega-3 fatty acid deprivation on emotional response and brain lipid composition in adult rats
doi:10.1016/j.plefa.2008.05.003,synergy_walker_2018__doi:10.1016/j.plefa.2008.05.003,doi:10.1016/j.plefa.2008.05.003,synergy_walker_2018,large_set_b,0,Synergistic effects of stress and omega-3 fatty acid deprivation on emotional response and brain lipid composition in adult rats
doi:10.1016/j.psyneuen.2010.11.008,synergy_brouwer_2019__doi:10.1016/j.psyneuen.2010.11.008,doi:10.1016/j.psyneuen.2010.11.008,synergy_brouwer_2019,large_set_a,0,Self-assessed parental depressive problems are associated with blunted cortisol responses to a social stress test in daughters. The TRAILS Study
doi:10.1016/j.psyneuen.2010.11.008,synergy_walker_2018__doi:10.1016/j.psyneuen.2010.11.008,doi:10.1016/j.psyneuen.2010.11.008,synergy_walker_2018,large_set_b,0,Self-assessed parental depressive problems are associated with blunted cortisol responses to a social stress test in daughters. The TRAILS Study
doi:10.1016/j.psyneuen.2011.07.014,synergy_brouwer_2019__doi:10.1016/j.psyneuen.2011.07.014,doi:10.1016/j.psyneuen.2011.07.014,synergy_brouwer_2019,large_set_a,0,Cortisol levels in response to starting school in children at increased risk for social phobia
doi:10.1016/j.psyneuen.2011.07.014,synergy_walker_2018__doi:10.1016/j.psyneuen.2011.07.014,doi:10.1016/j.psyneuen.2011.07.014,synergy_walker_2018,large_set_b,0,Cortisol levels in response to starting school in children at increased risk for social phobia
doi:10.1016/j.schres.2007.08.002,synergy_brouwer_2019__doi:10.1016/j.schres.2007.08.002,doi:10.1016/j.schres.2007.08.002,synergy_brouwer_2019,large_set_a,0,"Cognition, functioning and quality of life in schizophrenia treatment: Results of a one-year randomized controlled trial of olanzapine and quetiapine"
doi:10.1016/j.schres.2007.08.002,synergy_walker_2018__doi:10.1016/j.schres.2007.08.002,doi:10.1016/j.schres.2007.08.002,synergy_walker_2018,large_set_b,0,"Cognition, functioning and quality of life in schizophrenia treatment: Results of a one-year randomized controlled trial of olanzapine and quetiapine"
doi:10.1016/j.schres.2007.10.020,synergy_brouwer_2019__doi:10.1016/j.schres.2007.10.020,doi:10.1016/j.schres.2007.10.020,synergy_brouwer_2019,large_set_a,0,Depression in schizophrenia: Comparison of first- and second-generation antipsychotic drugs
doi:10.1016/j.schres.2007.10.020,synergy_walker_2018__doi:10.1016/j.schres.2007.10.020,doi:10.1016/j.schres.2007.10.020,synergy_walker_2018,large_set_b,0,Depression in schizophrenia: Comparison of first- and second-generation antipsychotic drugs
doi:10.1016/j.schres.2010.10.015,synergy_brouwer_2019__doi:10.1016/j.schres.2010.10.015,doi:10.1016/j.schres.2010.10.015,synergy_brouwer_2019,large_set_a,0,A randomized controlled trial of cognitive behavioral therapy for individuals at clinical high risk of psychosis
doi:10.1016/j.schres.2010.10.015,synergy_van_dis_2020__doi:10.1016/j.schres.2010.10.015,doi:10.1016/j.schres.2010.10.015,synergy_van_dis_2020,large_set_a,0,A randomized controlled trial of cognitive behavioral therapy for individuals at clinical high risk of psychosis
doi:10.1016/j.schres.2010.10.015,synergy_walker_2018__doi:10.1016/j.schres.2010.10.015,doi:10.1016/j.schres.2010.10.015,synergy_walker_2018,large_set_b,0,A randomized controlled trial of cognitive behavioral therapy for individuals at clinical high risk of psychosis
doi:10.1016/s0006-3223(99)00059-1,synergy_brouwer_2019__doi:10.1016/s0006-3223(99)00059-1,doi:10.1016/s0006-3223(99)00059-1,synergy_brouwer_2019,large_set_a,0,Pharmacologic treatment of schizophrenia
doi:10.1016/s0006-3223(99)00059-1,synergy_walker_2018__doi:10.1016/s0006-3223(99)00059-1,doi:10.1016/s0006-3223(99)00059-1,synergy_walker_2018,large_set_b,0,Pharmacologic treatment of schizophrenia
doi:10.1016/s0035-1040(07)73255-5,synergy_jeyaraman_2020__doi:10.1016/s0035-1040(07)73255-5,doi:10.1016/s0035-1040(07)73255-5,synergy_jeyaraman_2020,large_set_b,0,Greffe de chondrocytes autologues dans le traitement des pertes de substance condylienne du genou
doi:10.1016/s0035-1040(07)73255-5,synergy_van_dis_2020__doi:10.1016/s0035-1040(07)73255-5,doi:10.1016/s0035-1040(07)73255-5,synergy_van_dis_2020,large_set_a,0,Greffe de chondrocytes autologues dans le traitement des pertes de substance condylienne du genou
doi:10.1016/s0301-0082(99)00050-7,synergy_brouwer_2019__doi:10.1016/s0301-0082(99)00050-7,doi:10.1016/s0301-0082(99)00050-7,synergy_brouwer_2019,large_set_a,0,Conventional and new antidepressant drugs in the elderly
doi:10.1016/s0301-0082(99)00050-7,synergy_walker_2018__doi:10.1016/s0301-0082(99)00050-7,doi:10.1016/s0301-0082(99)00050-7,synergy_walker_2018,large_set_b,0,Conventional and new antidepressant drugs in the elderly
doi:10.1017/s0033291712001298,synergy_brouwer_2019__doi:10.1017/s0033291712001298,doi:10.1017/s0033291712001298,synergy_brouwer_2019,large_set_a,0,Intergenerational transmission of maltreatment and psychopathology: the role of antenatal depression
doi:10.1017/s0033291712001298,synergy_walker_2018__doi:10.1017/s0033291712001298,doi:10.1017/s0033291712001298,synergy_walker_2018,large_set_b,0,Intergenerational transmission of maltreatment and psychopathology: the role of antenatal depression
doi:10.1017/s0033291798007685,synergy_brouwer_2019__doi:10.1017/s0033291798007685,doi:10.1017/s0033291798007685,synergy_brouwer_2019,large_set_a,0,Acute tryptophan depletion in healthy young women with a family history of major affective disorder
doi:10.1017/s0033291798007685,synergy_walker_2018__doi:10.1017/s0033291798007685,doi:10.1017/s0033291798007685,synergy_walker_2018,large_set_b,0,Acute tryptophan depletion in healthy young women with a family history of major affective disorder
doi:10.1017/s1041610203009505,synergy_brouwer_2019__doi:10.1017/s1041610203009505,doi:10.1017/s1041610203009505,synergy_brouwer_2019,large_set_a,0,"Depression in Later-Life Puerto Rican Primary Care Patients: The Role of Illness, Stress, Social Integration, and Religiosity"
doi:10.1017/s1041610203009505,synergy_walker_2018__doi:10.1017/s1041610203009505,doi:10.1017/s1041610203009505,synergy_walker_2018,large_set_b,0,"Depression in Later-Life Puerto Rican Primary Care Patients: The Role of Illness, Stress, Social Integration, and Religiosity"
doi:10.1017/s1041610210001249,synergy_brouwer_2019__doi:10.1017/s1041610210001249,doi:10.1017/s1041610210001249,synergy_brouwer_2019,large_set_a,0,"Relations between attachment styles, ageism and quality of life in late life"
doi:10.1017/s1041610210001249,synergy_walker_2018__doi:10.1017/s1041610210001249,doi:10.1017/s1041610210001249,synergy_walker_2018,large_set_b,0,"Relations between attachment styles, ageism and quality of life in late life"
doi:10.1017/s1092852900019842,synergy_brouwer_2019__doi:10.1017/s1092852900019842,doi:10.1017/s1092852900019842,synergy_brouwer_2019,large_set_a,0,From Clinical Research to Clinical Practice: A 4-Year Review of Ziprasidone
doi:10.1017/s1092852900019842,synergy_walker_2018__doi:10.1017/s1092852900019842,doi:10.1017/s1092852900019842,synergy_walker_2018,large_set_b,0,From Clinical Research to Clinical Practice: A 4-Year Review of Ziprasidone
doi:10.1027/0227-5910.16.3.121,synergy_brouwer_2019__doi:10.1027/0227-5910.16.3.121,doi:10.1027/0227-5910.16.3.121,synergy_brouwer_2019,large_set_a,0,History of Early Loss Among a Group of Suicide Survivors
doi:10.1027/0227-5910.16.3.121,synergy_walker_2018__doi:10.1027/0227-5910.16.3.121,doi:10.1027/0227-5910.16.3.121,synergy_walker_2018,large_set_b,0,History of Early Loss Among a Group of Suicide Survivors
doi:10.1037/0002-9432.76.2.176,synergy_brouwer_2019__doi:10.1037/0002-9432.76.2.176,doi:10.1037/0002-9432.76.2.176,synergy_brouwer_2019,large_set_a,0,"Anger, guilt, and intergenerational communication of trauma in the interpersonal narratives of second generation Holocaust survivors."
doi:10.1037/0002-9432.76.2.176,synergy_walker_2018__doi:10.1037/0002-9432.76.2.176,doi:10.1037/0002-9432.76.2.176,synergy_walker_2018,large_set_b,0,"Anger, guilt, and intergenerational communication of trauma in the interpersonal narratives of second generation Holocaust survivors."
doi:10.1037/0893-3200.17.4.488,synergy_brouwer_2019__doi:10.1037/0893-3200.17.4.488,doi:10.1037/0893-3200.17.4.488,synergy_brouwer_2019,large_set_a,0,Family Processes Within Three-Generation Households and Adolescent Mothers' Satisfaction With Father Involvement.
doi:10.1037/0893-3200.17.4.488,synergy_walker_2018__doi:10.1037/0893-3200.17.4.488,doi:10.1037/0893-3200.17.4.488,synergy_walker_2018,large_set_b,0,Family Processes Within Three-Generation Households and Adolescent Mothers' Satisfaction With Father Involvement.
doi:10.1037/0893-3200.19.2.263,synergy_brouwer_2019__doi:10.1037/0893-3200.19.2.263,doi:10.1037/0893-3200.19.2.263,synergy_brouwer_2019,large_set_a,0,Religiosity and the Socioemotional Adjustment of Adolescent Mothers and Their Children.
doi:10.1037/0893-3200.19.2.263,synergy_walker_2018__doi:10.1037/0893-3200.19.2.263,doi:10.1037/0893-3200.19.2.263,synergy_walker_2018,large_set_b,0,Religiosity and the Socioemotional Adjustment of Adolescent Mothers and Their Children.
doi:10.1037/a0016765,synergy_brouwer_2019__doi:10.1037/a0016765,doi:10.1037/a0016765,synergy_brouwer_2019,large_set_a,0,"Children’s inferential styles, 5-HTTLPR genotype, and maternal expressed emotion-criticism: An integrated model for the intergenerational transmission of depression."
doi:10.1037/a0016765,synergy_walker_2018__doi:10.1037/a0016765,doi:10.1037/a0016765,synergy_walker_2018,large_set_b,0,"Children’s inferential styles, 5-HTTLPR genotype, and maternal expressed emotion-criticism: An integrated model for the intergenerational transmission of depression."
doi:10.1037/a0021508,synergy_brouwer_2019__doi:10.1037/a0021508,doi:10.1037/a0021508,synergy_brouwer_2019,large_set_a,0,Perceived maternal parenting as a mediator of the intergenerational similarity of dependency and self-criticism: A study with Arab Jordanian adolescents and their mothers.
doi:10.1037/a0021508,synergy_walker_2018__doi:10.1037/a0021508,doi:10.1037/a0021508,synergy_walker_2018,large_set_b,0,Perceived maternal parenting as a mediator of the intergenerational similarity of dependency and self-criticism: A study with Arab Jordanian adolescents and their mothers.
doi:10.1037/a0023536,synergy_brouwer_2019__doi:10.1037/a0023536,doi:10.1037/a0023536,synergy_brouwer_2019,large_set_a,0,Youth depression and early childrearing: Stress generation and intergenerational transmission of depression.
doi:10.1037/a0023536,synergy_walker_2018__doi:10.1037/a0023536,doi:10.1037/a0023536,synergy_walker_2018,large_set_b,0,Youth depression and early childrearing: Stress generation and intergenerational transmission of depression.
doi:10.1037/a0027160,synergy_brouwer_2019__doi:10.1037/a0027160,doi:10.1037/a0027160,synergy_brouwer_2019,large_set_a,0,Morris B. Parloff (1918–2011).
doi:10.1037/a0027160,synergy_walker_2018__doi:10.1037/a0027160,doi:10.1037/a0027160,synergy_walker_2018,large_set_b,0,Morris B. Parloff (1918–2011).
doi:10.1037/a0027782,synergy_van_dis_2020__doi:10.1037/a0027782,doi:10.1037/a0027782,synergy_van_dis_2020,large_set_a,0,The Believability of Anxious Feelings and Thoughts Questionnaire (BAFT): A psychometric evaluation of cognitive fusion in a nonclinical and highly anxious community sample.
doi:10.1037/a0027782,synergy_walker_2018__doi:10.1037/a0027782,doi:10.1037/a0027782,synergy_walker_2018,large_set_b,0,The Believability of Anxious Feelings and Thoughts Questionnaire (BAFT): A psychometric evaluation of cognitive fusion in a nonclinical and highly anxious community sample.
doi:10.1038/33910,synergy_moran_2021__doi:10.1038/33910,doi:10.1038/33910,synergy_moran_2021,large_set_a,0,Reproductive cessation in female mammals
doi:10.1038/33910,synergy_walker_2018__doi:10.1038/33910,doi:10.1038/33910,synergy_walker_2018,large_set_b,0,Reproductive cessation in female mammals
doi:10.1038/mp.2010.111,synergy_brouwer_2019__doi:10.1038/mp.2010.111,doi:10.1038/mp.2010.111,synergy_brouwer_2019,large_set_a,0,Parental psychopathology and the risk of suicidal behavior in their offspring: results from the World Mental Health surveys
doi:10.1038/mp.2010.111,synergy_walker_2018__doi:10.1038/mp.2010.111,doi:10.1038/mp.2010.111,synergy_walker_2018,large_set_b,0,Parental psychopathology and the risk of suicidal behavior in their offspring: results from the World Mental Health surveys
doi:10.1038/nature02725,synergy_moran_2021__doi:10.1038/nature02725,doi:10.1038/nature02725,synergy_moran_2021,large_set_a,0,Developmental plasticity and human health
doi:10.1038/nature02725,synergy_walker_2018__doi:10.1038/nature02725,doi:10.1038/nature02725,synergy_walker_2018,large_set_b,1,Developmental plasticity and human health
doi:10.1038/oby.2008.277,synergy_moran_2021__doi:10.1038/oby.2008.277,doi:10.1038/oby.2008.277,synergy_moran_2021,large_set_a,0,Adiposity and Eating Behaviors in Patients Under Second Generation Antipsychotics
doi:10.1038/oby.2008.277,synergy_walker_2018__doi:10.1038/oby.2008.277,doi:10.1038/oby.2008.277,synergy_walker_2018,large_set_b,0,Adiposity and Eating Behaviors in Patients Under Second Generation Antipsychotics
doi:10.1038/sj.ejhg.5200668,synergy_brouwer_2019__doi:10.1038/sj.ejhg.5200668,doi:10.1038/sj.ejhg.5200668,synergy_brouwer_2019,large_set_a,0,Men at risk of being a mutation carrier for hereditary breast/ovarian cancer: an exploration of attitudes and psychological functioning during genetic testing
doi:10.1038/sj.ejhg.5200668,synergy_walker_2018__doi:10.1038/sj.ejhg.5200668,doi:10.1038/sj.ejhg.5200668,synergy_walker_2018,large_set_b,0,Men at risk of being a mutation carrier for hereditary breast/ovarian cancer: an exploration of attitudes and psychological functioning during genetic testing
doi:10.1038/tp.2012.32,synergy_brouwer_2019__doi:10.1038/tp.2012.32,doi:10.1038/tp.2012.32,synergy_brouwer_2019,large_set_a,0,Evidence for biological roots in the transgenerational transmission of intimate partner violence
doi:10.1038/tp.2012.32,synergy_walker_2018__doi:10.1038/tp.2012.32,doi:10.1038/tp.2012.32,synergy_walker_2018,large_set_b,0,Evidence for biological roots in the transgenerational transmission of intimate partner violence
doi:10.1046/j.1524-4733.2003.64231.x,synergy_brouwer_2019__doi:10.1046/j.1524-4733.2003.64231.x,doi:10.1046/j.1524-4733.2003.64231.x,synergy_brouwer_2019,large_set_a,0,Seasonal versus Perennial Allergic Rhinitis: Drug and Medical Resource Use Patterns
doi:10.1046/j.1524-4733.2003.64231.x,synergy_walker_2018__doi:10.1046/j.1524-4733.2003.64231.x,doi:10.1046/j.1524-4733.2003.64231.x,synergy_walker_2018,large_set_b,0,Seasonal versus Perennial Allergic Rhinitis: Drug and Medical Resource Use Patterns
doi:10.1073/pnas.0710051105,synergy_moran_2021__doi:10.1073/pnas.0710051105,doi:10.1073/pnas.0710051105,synergy_moran_2021,large_set_a,0,Interactions between the direct and indirect effects of predators determine life history evolution in a killifish
doi:10.1073/pnas.0710051105,synergy_walker_2018__doi:10.1073/pnas.0710051105,doi:10.1073/pnas.0710051105,synergy_walker_2018,large_set_b,0,Interactions between the direct and indirect effects of predators determine life history evolution in a killifish
doi:10.1073/pnas.1107958108,synergy_moran_2021__doi:10.1073/pnas.1107958108,doi:10.1073/pnas.1107958108,synergy_moran_2021,large_set_a,0,Disruption of adult expression of sexually selected traits by developmental exposure to bisphenol A
doi:10.1073/pnas.1107958108,synergy_wassenaar_2017__doi:10.1073/pnas.1107958108,doi:10.1073/pnas.1107958108,synergy_wassenaar_2017,large_set_b,0,Disruption of adult expression of sexually selected traits by developmental exposure to bisphenol A
doi:10.1073/pnas.1108769108,synergy_moran_2021__doi:10.1073/pnas.1108769108,doi:10.1073/pnas.1108769108,synergy_moran_2021,large_set_a,0,Maternal bisphenol A (BPA) decreases attractiveness of male offspring
doi:10.1073/pnas.1108769108,synergy_wassenaar_2017__doi:10.1073/pnas.1108769108,doi:10.1073/pnas.1108769108,synergy_wassenaar_2017,large_set_b,0,Maternal bisphenol A (BPA) decreases attractiveness of male offspring
doi:10.1080/00797308.1995.11822409,synergy_brouwer_2019__doi:10.1080/00797308.1995.11822409,doi:10.1080/00797308.1995.11822409,synergy_brouwer_2019,large_set_a,0,Traumatic Memory and the Intergenerational Transmission of Holocaust Narratives
doi:10.1080/00797308.1995.11822409,synergy_walker_2018__doi:10.1080/00797308.1995.11822409,doi:10.1080/00797308.1995.11822409,synergy_walker_2018,large_set_b,0,Traumatic Memory and the Intergenerational Transmission of Holocaust Narratives
doi:10.1080/00797308.2006.11800762,synergy_brouwer_2019__doi:10.1080/00797308.2006.11800762,doi:10.1080/00797308.2006.11800762,synergy_brouwer_2019,large_set_a,0,The Grandparent Syndrome
doi:10.1080/00797308.2006.11800762,synergy_walker_2018__doi:10.1080/00797308.2006.11800762,doi:10.1080/00797308.2006.11800762,synergy_walker_2018,large_set_b,0,The Grandparent Syndrome
doi:10.1080/13548501003623989,synergy_brouwer_2019__doi:10.1080/13548501003623989,doi:10.1080/13548501003623989,synergy_brouwer_2019,large_set_a,0,Family-based care and psychological problems of AIDS orphans: Does it matter who was the care-giver?
doi:10.1080/13548501003623989,synergy_walker_2018__doi:10.1080/13548501003623989,doi:10.1080/13548501003623989,synergy_walker_2018,large_set_b,0,Family-based care and psychological problems of AIDS orphans: Does it matter who was the care-giver?
doi:10.1080/13557850500096878,synergy_brouwer_2019__doi:10.1080/13557850500096878,doi:10.1080/13557850500096878,synergy_brouwer_2019,large_set_a,0,Incidence of Mental Disorders in Second-Generation Immigrants in Sweden: A Four-Year Cohort Study
doi:10.1080/13557850500096878,synergy_walker_2018__doi:10.1080/13557850500096878,doi:10.1080/13557850500096878,synergy_walker_2018,large_set_b,0,Incidence of Mental Disorders in Second-Generation Immigrants in Sweden: A Four-Year Cohort Study
doi:10.1080/1360786031000120697,synergy_brouwer_2019__doi:10.1080/1360786031000120697,doi:10.1080/1360786031000120697,synergy_brouwer_2019,large_set_a,0,Relationships between altruistic activity and positive and negative affect among low-income older adult service providers
doi:10.1080/1360786031000120697,synergy_walker_2018__doi:10.1080/1360786031000120697,doi:10.1080/1360786031000120697,synergy_walker_2018,large_set_b,0,Relationships between altruistic activity and positive and negative affect among low-income older adult service providers
doi:10.1080/13607863.2011.629092,synergy_brouwer_2019__doi:10.1080/13607863.2011.629092,doi:10.1080/13607863.2011.629092,synergy_brouwer_2019,large_set_a,0,Risk factors and mediating pathways of loneliness and social support in community-dwelling older adults
doi:10.1080/13607863.2011.629092,synergy_walker_2018__doi:10.1080/13607863.2011.629092,doi:10.1080/13607863.2011.629092,synergy_walker_2018,large_set_b,0,Risk factors and mediating pathways of loneliness and social support in community-dwelling older adults
doi:10.1080/13607863.2012.692766,synergy_brouwer_2019__doi:10.1080/13607863.2012.692766,doi:10.1080/13607863.2012.692766,synergy_brouwer_2019,large_set_a,0,Grandparenting and psychosocial health among older Chileans: A longitudinal analysis
doi:10.1080/13607863.2012.692766,synergy_walker_2018__doi:10.1080/13607863.2012.692766,doi:10.1080/13607863.2012.692766,synergy_walker_2018,large_set_b,0,Grandparenting and psychosocial health among older Chileans: A longitudinal analysis
doi:10.1080/14616730210123143,synergy_brouwer_2019__doi:10.1080/14616730210123143,doi:10.1080/14616730210123143,synergy_brouwer_2019,large_set_a,0,Psychotherapeutic work with parents and infants - psychoanalytic and attachment perspectives
doi:10.1080/14616730210123143,synergy_walker_2018__doi:10.1080/14616730210123143,doi:10.1080/14616730210123143,synergy_walker_2018,large_set_b,0,Psychotherapeutic work with parents and infants - psychoanalytic and attachment perspectives
doi:10.1080/14616730500245963,synergy_brouwer_2019__doi:10.1080/14616730500245963,doi:10.1080/14616730500245963,synergy_brouwer_2019,large_set_a,0,"Maternal reflective functioning, mother–infant affective communication, and infant attachment: Exploring the link between mental states and observed caregiving behavior in the intergenerational transmission of attachment"
doi:10.1080/14616730500245963,synergy_walker_2018__doi:10.1080/14616730500245963,doi:10.1080/14616730500245963,synergy_walker_2018,large_set_b,0,"Maternal reflective functioning, mother–infant affective communication, and infant attachment: Exploring the link between mental states and observed caregiving behavior in the intergenerational transmission of attachment"
doi:10.1080/14616730802500826,synergy_brouwer_2019__doi:10.1080/14616730802500826,doi:10.1080/14616730802500826,synergy_brouwer_2019,large_set_a,0,Problem partners and parenting: exploring linkages with maternal insecure attachment style and adolescent offspring internalizing disorder
doi:10.1080/14616730802500826,synergy_walker_2018__doi:10.1080/14616730802500826,doi:10.1080/14616730802500826,synergy_walker_2018,large_set_b,0,Problem partners and parenting: exploring linkages with maternal insecure attachment style and adolescent offspring internalizing disorder
doi:10.1080/21674086.1982.11926985,synergy_brouwer_2019__doi:10.1080/21674086.1982.11926985,doi:10.1080/21674086.1982.11926985,synergy_brouwer_2019,large_set_a,0,Toward a Psychoanalytic Understanding of Children of Survivors of the Holocaust
doi:10.1080/21674086.1982.11926985,synergy_walker_2018__doi:10.1080/21674086.1982.11926985,doi:10.1080/21674086.1982.11926985,synergy_walker_2018,large_set_b,0,Toward a Psychoanalytic Understanding of Children of Survivors of the Holocaust
doi:10.1089/cap.2005.15.696,synergy_brouwer_2019__doi:10.1089/cap.2005.15.696,doi:10.1089/cap.2005.15.696,synergy_brouwer_2019,large_set_a,0,Adjunctive Quetiapine for Treatment-Resistant Adolescent Major Depressive Disorder: ACase Series
doi:10.1089/cap.2005.15.696,synergy_walker_2018__doi:10.1089/cap.2005.15.696,doi:10.1089/cap.2005.15.696,synergy_walker_2018,large_set_b,0,Adjunctive Quetiapine for Treatment-Resistant Adolescent Major Depressive Disorder: ACase Series
doi:10.1093/ajcn/87.3.517,synergy_leenaars_2020__doi:10.1093/ajcn/87.3.517,doi:10.1093/ajcn/87.3.517,synergy_leenaars_2020,large_set_a,0,Is folic acid good for everyone?
doi:10.1093/ajcn/87.3.517,synergy_walker_2018__doi:10.1093/ajcn/87.3.517,doi:10.1093/ajcn/87.3.517,synergy_walker_2018,large_set_b,1,Is folic acid good for everyone?
doi:10.1093/geronj/49.6.s277,synergy_brouwer_2019__doi:10.1093/geronj/49.6.s277,doi:10.1093/geronj/49.6.s277,synergy_brouwer_2019,large_set_a,0,Multiple Roles and Psychological Well-being in a National Sample of Older Adults
doi:10.1093/geronj/49.6.s277,synergy_walker_2018__doi:10.1093/geronj/49.6.s277,doi:10.1093/geronj/49.6.s277,synergy_walker_2018,large_set_b,0,Multiple Roles and Psychological Well-being in a National Sample of Older Adults
doi:10.1097/00004583-199405000-00003,synergy_brouwer_2019__doi:10.1097/00004583-199405000-00003,doi:10.1097/00004583-199405000-00003,synergy_brouwer_2019,large_set_a,0,Rate and Predictors of Prepubertal Bipolarity during Follow-up of 6- to 12-Year-Old Depressed Children
doi:10.1097/00004583-199405000-00003,synergy_walker_2018__doi:10.1097/00004583-199405000-00003,doi:10.1097/00004583-199405000-00003,synergy_walker_2018,large_set_b,0,Rate and Predictors of Prepubertal Bipolarity during Follow-up of 6- to 12-Year-Old Depressed Children
doi:10.1097/00004583-199509000-00013,synergy_brouwer_2019__doi:10.1097/00004583-199509000-00013,doi:10.1097/00004583-199509000-00013,synergy_brouwer_2019,large_set_a,0,Posttraumatic Stress Disorder across Two Generations of Cambodian Refugees
doi:10.1097/00004583-199509000-00013,synergy_van_dis_2020__doi:10.1097/00004583-199509000-00013,doi:10.1097/00004583-199509000-00013,synergy_van_dis_2020,large_set_a,0,Posttraumatic Stress Disorder across Two Generations of Cambodian Refugees
doi:10.1097/00004583-199509000-00013,synergy_walker_2018__doi:10.1097/00004583-199509000-00013,doi:10.1097/00004583-199509000-00013,synergy_walker_2018,large_set_b,0,Posttraumatic Stress Disorder across Two Generations of Cambodian Refugees
doi:10.1097/01.jcp.0000246217.34024.53,synergy_brouwer_2019__doi:10.1097/01.jcp.0000246217.34024.53,doi:10.1097/01.jcp.0000246217.34024.53,synergy_brouwer_2019,large_set_a,0,Nontricyclic Antidepressants
doi:10.1097/01.jcp.0000246217.34024.53,synergy_walker_2018__doi:10.1097/01.jcp.0000246217.34024.53,doi:10.1097/01.jcp.0000246217.34024.53,synergy_walker_2018,large_set_b,0,Nontricyclic Antidepressants
doi:10.1097/bpo.0b013e3181b8f6c7,synergy_jeyaraman_2020__doi:10.1097/bpo.0b013e3181b8f6c7,doi:10.1097/bpo.0b013e3181b8f6c7,synergy_jeyaraman_2020,large_set_b,1,"A Prospective, Randomized Clinical Study of Osteochondral Autologous Transplantation Versus Microfracture for the Treatment of Osteochondritis Dissecans in the Knee Joint in Children"
doi:10.1097/bpo.0b013e3181b8f6c7,synergy_van_dis_2020__doi:10.1097/bpo.0b013e3181b8f6c7,doi:10.1097/bpo.0b013e3181b8f6c7,synergy_van_dis_2020,large_set_a,0,"A Prospective, Randomized Clinical Study of Osteochondral Autologous Transplantation Versus Microfracture for the Treatment of Osteochondritis Dissecans in the Knee Joint in Children"
doi:10.1097/brs.0b013e31822ba50b,synergy_muthu_2021__doi:10.1097/brs.0b013e31822ba50b,doi:10.1097/brs.0b013e31822ba50b,synergy_muthu_2021,large_set_a,1,A Prospective Randomized FDA-IDE Trial Comparing Cortoss With PMMA for Vertebroplasty
doi:10.1097/brs.0b013e31822ba50b,synergy_wassenaar_2017__doi:10.1097/brs.0b013e31822ba50b,doi:10.1097/brs.0b013e31822ba50b,synergy_wassenaar_2017,large_set_b,0,A Prospective Randomized FDA-IDE Trial Comparing Cortoss With PMMA for Vertebroplasty
doi:10.1097/opx.0b013e3181f6f760,synergy_brouwer_2019__doi:10.1097/opx.0b013e3181f6f760,doi:10.1097/opx.0b013e3181f6f760,synergy_brouwer_2019,large_set_a,0,Derivation of the Acceptance and Self-Worth Adjustment Scale
doi:10.1097/opx.0b013e3181f6f760,synergy_walker_2018__doi:10.1097/opx.0b013e3181f6f760,doi:10.1097/opx.0b013e3181f6f760,synergy_walker_2018,large_set_b,0,Derivation of the Acceptance and Self-Worth Adjustment Scale
doi:10.1097/yco.0b013e328333e132,synergy_brouwer_2019__doi:10.1097/yco.0b013e328333e132,doi:10.1097/yco.0b013e328333e132,synergy_brouwer_2019,large_set_a,0,An update of evidence-based treatment of bipolar depression: where do we stand?
doi:10.1097/yco.0b013e328333e132,synergy_walker_2018__doi:10.1097/yco.0b013e328333e132,doi:10.1097/yco.0b013e328333e132,synergy_walker_2018,large_set_b,0,An update of evidence-based treatment of bipolar depression: where do we stand?
doi:10.1097/ypg.0b013e3283060f48,synergy_brouwer_2019__doi:10.1097/ypg.0b013e3283060f48,doi:10.1097/ypg.0b013e3283060f48,synergy_brouwer_2019,large_set_a,0,"Heritabilities of symptoms of posttraumatic stress disorder, anxiety, and depression in earthquake exposed Armenian families"
doi:10.1097/ypg.0b013e3283060f48,synergy_walker_2018__doi:10.1097/ypg.0b013e3283060f48,doi:10.1097/ypg.0b013e3283060f48,synergy_walker_2018,large_set_b,0,"Heritabilities of symptoms of posttraumatic stress disorder, anxiety, and depression in earthquake exposed Armenian families"
doi:10.1098/rsif.2011.0716,synergy_moran_2021__doi:10.1098/rsif.2011.0716,doi:10.1098/rsif.2011.0716,synergy_moran_2021,large_set_a,0,Remote automated multi-generational growth and observation of an animal in low Earth orbit
doi:10.1098/rsif.2011.0716,synergy_walker_2018__doi:10.1098/rsif.2011.0716,doi:10.1098/rsif.2011.0716,synergy_walker_2018,large_set_b,0,Remote automated multi-generational growth and observation of an animal in low Earth orbit
doi:10.1100/2012/852564,synergy_brouwer_2019__doi:10.1100/2012/852564,doi:10.1100/2012/852564,synergy_brouwer_2019,large_set_a,0,Attitudes Regarding the Use of Ventilator Support Given a Supposed Terminal Condition among Community-Dwelling Mexican American and Non-Hispanic White Older Adults: A Pilot Study
doi:10.1100/2012/852564,synergy_walker_2018__doi:10.1100/2012/852564,doi:10.1100/2012/852564,synergy_walker_2018,large_set_b,0,Attitudes Regarding the Use of Ventilator Support Given a Supposed Terminal Condition among Community-Dwelling Mexican American and Non-Hispanic White Older Adults: A Pilot Study
doi:10.1109/issre.1997.630846,synergy_moran_2021__doi:10.1109/issre.1997.630846,doi:10.1109/issre.1997.630846,synergy_moran_2021,large_set_a,0,Detection of response time failures of real-time software
doi:10.1109/issre.1997.630846,synergy_radjenovic_2013__doi:10.1109/issre.1997.630846,doi:10.1109/issre.1997.630846,synergy_radjenovic_2013,large_set_b,0,Detection of response time failures of real-time software
doi:10.1111/anae.12044,synergy_muthu_2021__doi:10.1111/anae.12044,doi:10.1111/anae.12044,synergy_muthu_2021,large_set_a,0,Comparison of the single-use Ambu®aScope™ 2 vs the conventional fibrescope for tracheal intubation in patients with cervical spine immobilisation by a semirigid collar*
doi:10.1111/anae.12044,synergy_walker_2018__doi:10.1111/anae.12044,doi:10.1111/anae.12044,synergy_walker_2018,large_set_b,0,Comparison of the single-use Ambu®aScope™ 2 vs the conventional fibrescope for tracheal intubation in patients with cervical spine immobilisation by a semirigid collar*
doi:10.1111/j.1365-2141.2009.07657.x,synergy_leenaars_2020__doi:10.1111/j.1365-2141.2009.07657.x,doi:10.1111/j.1365-2141.2009.07657.x,synergy_leenaars_2020,large_set_a,0,Mammalian target of rapamycin inhibitors and their potential role in therapy in leukaemia and other haematological malignancies
doi:10.1111/j.1365-2141.2009.07657.x,synergy_walker_2018__doi:10.1111/j.1365-2141.2009.07657.x,doi:10.1111/j.1365-2141.2009.07657.x,synergy_walker_2018,large_set_b,0,Mammalian target of rapamycin inhibitors and their potential role in therapy in leukaemia and other haematological malignancies
doi:10.1111/j.1467-8624.2006.00936.x,synergy_brouwer_2019__doi:10.1111/j.1467-8624.2006.00936.x,doi:10.1111/j.1467-8624.2006.00936.x,synergy_brouwer_2019,large_set_a,0,A Longitudinal Investigation of Personality and Social Adjustment Among Chinese American and European American Adolescents
doi:10.1111/j.1467-8624.2006.00936.x,synergy_walker_2018__doi:10.1111/j.1467-8624.2006.00936.x,doi:10.1111/j.1467-8624.2006.00936.x,synergy_walker_2018,large_set_b,0,A Longitudinal Investigation of Personality and Social Adjustment Among Chinese American and European American Adolescents
doi:10.1159/000058101,synergy_nelson_2002__doi:10.1159/000058101,doi:10.1159/000058101,synergy_nelson_2002,large_set_a,0,Novel Treatment of Delayed Male Puberty with Aromatase Inhibitors
doi:10.1159/000058101,synergy_walker_2018__doi:10.1159/000058101,doi:10.1159/000058101,synergy_walker_2018,large_set_b,0,Novel Treatment of Delayed Male Puberty with Aromatase Inhibitors
doi:10.1176/ajp.155.2.184,synergy_brouwer_2019__doi:10.1176/ajp.155.2.184,doi:10.1176/ajp.155.2.184,synergy_brouwer_2019,large_set_a,0,"Natural History of Male Psychological Health, XIV: Relationship of Mood Disorder Vulnerability to Physical Health"
doi:10.1176/ajp.155.2.184,synergy_walker_2018__doi:10.1176/ajp.155.2.184,doi:10.1176/ajp.155.2.184,synergy_walker_2018,large_set_b,0,"Natural History of Male Psychological Health, XIV: Relationship of Mood Disorder Vulnerability to Physical Health"
doi:10.1176/appi.ajp.160.8.1405,synergy_brouwer_2019__doi:10.1176/appi.ajp.160.8.1405,doi:10.1176/appi.ajp.160.8.1405,synergy_brouwer_2019,large_set_a,0,Maintenance Treatment of Schizophrenia With Risperidone or Haloperidol: 2-Year Outcomes
doi:10.1176/appi.ajp.160.8.1405,synergy_van_dis_2020__doi:10.1176/appi.ajp.160.8.1405,doi:10.1176/appi.ajp.160.8.1405,synergy_van_dis_2020,large_set_a,0,Maintenance Treatment of Schizophrenia With Risperidone or Haloperidol: 2-Year Outcomes
doi:10.1176/appi.ajp.160.8.1405,synergy_walker_2018__doi:10.1176/appi.ajp.160.8.1405,doi:10.1176/appi.ajp.160.8.1405,synergy_walker_2018,large_set_b,0,Maintenance Treatment of Schizophrenia With Risperidone or Haloperidol: 2-Year Outcomes
doi:10.1177/00030651060540030501,synergy_brouwer_2019__doi:10.1177/00030651060540030501,doi:10.1177/00030651060540030501,synergy_brouwer_2019,large_set_a,0,The Absence of a Future: The Effect of Past Experience and Current Developmental Conflicts On a Midlife Analysis
doi:10.1177/00030651060540030501,synergy_walker_2018__doi:10.1177/00030651060540030501,doi:10.1177/00030651060540030501,synergy_walker_2018,large_set_b,0,The Absence of a Future: The Effect of Past Experience and Current Developmental Conflicts On a Midlife Analysis
doi:10.1177/000992289103000703,synergy_brouwer_2019__doi:10.1177/000992289103000703,doi:10.1177/000992289103000703,synergy_brouwer_2019,large_set_a,0,"Multiple Personality Disorder: A Risk Indicator, Diagnostic Marker and Psychiatric Outcome for Severe Child Abuse"
doi:10.1177/000992289103000703,synergy_walker_2018__doi:10.1177/000992289103000703,doi:10.1177/000992289103000703,synergy_walker_2018,large_set_b,0,"Multiple Personality Disorder: A Risk Indicator, Diagnostic Marker and Psychiatric Outcome for Severe Child Abuse"
doi:10.1177/0146167210393533,synergy_brouwer_2019__doi:10.1177/0146167210393533,doi:10.1177/0146167210393533,synergy_brouwer_2019,large_set_a,0,The Role of Depressogenic Personality and Attachment in the Intergenerational Similarity of Depressive Symptoms: A Study With Early Adolescents and Their Mothers
doi:10.1177/0146167210393533,synergy_walker_2018__doi:10.1177/0146167210393533,doi:10.1177/0146167210393533,synergy_walker_2018,large_set_b,0,The Role of Depressogenic Personality and Attachment in the Intergenerational Similarity of Depressive Symptoms: A Study With Early Adolescents and Their Mothers
doi:10.1177/0363546512458763,synergy_jeyaraman_2020__doi:10.1177/0363546512458763,doi:10.1177/0363546512458763,synergy_jeyaraman_2020,large_set_b,1,"Ten-Year Follow-up of a Prospective, Randomized Clinical Study of Mosaic Osteochondral Autologous Transplantation Versus Microfracture for the Treatment of Osteochondral Defects in the Knee Joint of Athletes"
doi:10.1177/0363546512458763,synergy_van_dis_2020__doi:10.1177/0363546512458763,doi:10.1177/0363546512458763,synergy_van_dis_2020,large_set_a,0,"Ten-Year Follow-up of a Prospective, Randomized Clinical Study of Mosaic Osteochondral Autologous Transplantation Versus Microfracture for the Treatment of Osteochondral Defects in the Knee Joint of Athletes"
doi:10.1177/0363546516646092,synergy_jeyaraman_2020__doi:10.1177/0363546516646092,doi:10.1177/0363546516646092,synergy_jeyaraman_2020,large_set_b,1,The Effect of Cell Dose on the Early Magnetic Resonance Morphological Outcomes of Autologous Cell Implantation for Articular Cartilage Defects in the Knee: A Randomized Clinical Trial.
doi:10.1177/0363546516646092,synergy_muthu_2021__doi:10.1177/0363546516646092,doi:10.1177/0363546516646092,synergy_muthu_2021,large_set_a,0,The Effect of Cell Dose on the Early Magnetic Resonance Morphological Outcomes of Autologous Cell Implantation for Articular Cartilage Defects in the Knee: A Randomized Clinical Trial.
doi:10.1177/1363461510382154,synergy_brouwer_2019__doi:10.1177/1363461510382154,doi:10.1177/1363461510382154,synergy_brouwer_2019,large_set_a,0,The Role of Acculturation in Suicidal Ideation among Second-Generation Immigrant Adolescents in France
doi:10.1177/1363461510382154,synergy_walker_2018__doi:10.1177/1363461510382154,doi:10.1177/1363461510382154,synergy_walker_2018,large_set_b,0,The Role of Acculturation in Suicidal Ideation among Second-Generation Immigrant Adolescents in France
doi:10.1186/1471-2148-12-118,synergy_moran_2021__doi:10.1186/1471-2148-12-118,doi:10.1186/1471-2148-12-118,synergy_moran_2021,large_set_a,0,Maternal effects on male weaponry: female dung beetles produce major sons with longer horns when they perceive higher population density
doi:10.1186/1471-2148-12-118,synergy_walker_2018__doi:10.1186/1471-2148-12-118,doi:10.1186/1471-2148-12-118,synergy_walker_2018,large_set_b,0,Maternal effects on male weaponry: female dung beetles produce major sons with longer horns when they perceive higher population density
doi:10.1186/1471-244x-12-31,synergy_brouwer_2019__doi:10.1186/1471-244x-12-31,doi:10.1186/1471-244x-12-31,synergy_brouwer_2019,large_set_a,0,Preventing mood and anxiety disorders in youth: a multi-centre RCT in the high risk offspring of depressed and anxious patients
doi:10.1186/1471-244x-12-31,synergy_van_dis_2020__doi:10.1186/1471-244x-12-31,doi:10.1186/1471-244x-12-31,synergy_van_dis_2020,large_set_a,0,Preventing mood and anxiety disorders in youth: a multi-centre RCT in the high risk offspring of depressed and anxious patients
doi:10.1186/1471-244x-12-31,synergy_walker_2018__doi:10.1186/1471-244x-12-31,doi:10.1186/1471-244x-12-31,synergy_walker_2018,large_set_b,0,Preventing mood and anxiety disorders in youth: a multi-centre RCT in the high risk offspring of depressed and anxious patients
doi:10.1186/1471-244x-13-17,synergy_brouwer_2019__doi:10.1186/1471-244x-13-17,doi:10.1186/1471-244x-13-17,synergy_brouwer_2019,large_set_a,0,Effectiveness and cost-effectiveness of an internet intervention for family caregivers of people with dementia: design of a randomized controlled trial
doi:10.1186/1471-244x-13-17,synergy_walker_2018__doi:10.1186/1471-244x-13-17,doi:10.1186/1471-244x-13-17,synergy_walker_2018,large_set_b,0,Effectiveness and cost-effectiveness of an internet intervention for family caregivers of people with dementia: design of a randomized controlled trial
doi:10.1186/1471-244x-8-80,synergy_brouwer_2019__doi:10.1186/1471-244x-8-80,doi:10.1186/1471-244x-8-80,synergy_brouwer_2019,large_set_a,0,Discontinuation of hypnotics during cognitive behavioural therapy for insomnia
doi:10.1186/1471-244x-8-80,synergy_walker_2018__doi:10.1186/1471-244x-8-80,doi:10.1186/1471-244x-8-80,synergy_walker_2018,large_set_b,0,Discontinuation of hypnotics during cognitive behavioural therapy for insomnia
doi:10.1186/1744-859x-6-27,synergy_brouwer_2019__doi:10.1186/1744-859x-6-27,doi:10.1186/1744-859x-6-27,synergy_brouwer_2019,large_set_a,0,Treatment of bipolar disorder: a complex treatment for a multi-faceted disorder
doi:10.1186/1744-859x-6-27,synergy_walker_2018__doi:10.1186/1744-859x-6-27,doi:10.1186/1744-859x-6-27,synergy_walker_2018,large_set_b,0,Treatment of bipolar disorder: a complex treatment for a multi-faceted disorder
doi:10.1192/bjp.164.6.770,synergy_brouwer_2019__doi:10.1192/bjp.164.6.770,doi:10.1192/bjp.164.6.770,synergy_brouwer_2019,large_set_a,0,Disturbed Attachment and Negative Affective Style an Intergenerational Spiral
doi:10.1192/bjp.164.6.770,synergy_walker_2018__doi:10.1192/bjp.164.6.770,doi:10.1192/bjp.164.6.770,synergy_walker_2018,large_set_b,0,Disturbed Attachment and Negative Affective Style an Intergenerational Spiral
doi:10.1210/er.2009-0039,synergy_moran_2021__doi:10.1210/er.2009-0039,doi:10.1210/er.2009-0039,synergy_moran_2021,large_set_a,0,"Child Health, Developmental Plasticity, and Epigenetic Programming"
doi:10.1210/er.2009-0039,synergy_walker_2018__doi:10.1210/er.2009-0039,doi:10.1210/er.2009-0039,synergy_walker_2018,large_set_b,0,"Child Health, Developmental Plasticity, and Epigenetic Programming"
doi:10.1212/wnl.55.7.991,synergy_brouwer_2019__doi:10.1212/wnl.55.7.991,doi:10.1212/wnl.55.7.991,synergy_brouwer_2019,large_set_a,0,Rapid-onset dystonia-parkinsonism: A clinical and genetic analysis of a new kindred
doi:10.1212/wnl.55.7.991,synergy_walker_2018__doi:10.1212/wnl.55.7.991,doi:10.1212/wnl.55.7.991,synergy_walker_2018,large_set_b,0,Rapid-onset dystonia-parkinsonism: A clinical and genetic analysis of a new kindred
doi:10.1227/neu.0b013e318270d02c,synergy_muthu_2021__doi:10.1227/neu.0b013e318270d02c,doi:10.1227/neu.0b013e318270d02c,synergy_muthu_2021,large_set_a,0,Spinal Robotics
doi:10.1227/neu.0b013e318270d02c,synergy_walker_2018__doi:10.1227/neu.0b013e318270d02c,doi:10.1227/neu.0b013e318270d02c,synergy_walker_2018,large_set_b,0,Spinal Robotics
doi:10.1289/ehp.5856,synergy_moran_2021__doi:10.1289/ehp.5856,doi:10.1289/ehp.5856,synergy_moran_2021,large_set_a,0,"Altered profiles of spontaneous novelty seeking, impulsive behavior, and response to D-amphetamine in rats perinatally exposed to bisphenol A."
doi:10.1289/ehp.5856,synergy_wassenaar_2017__doi:10.1289/ehp.5856,doi:10.1289/ehp.5856,synergy_wassenaar_2017,large_set_b,0,"Altered profiles of spontaneous novelty seeking, impulsive behavior, and response to D-amphetamine in rats perinatally exposed to bisphenol A."
doi:10.1300/j013v32n03_03,synergy_brouwer_2019__doi:10.1300/j013v32n03_03,doi:10.1300/j013v32n03_03,synergy_brouwer_2019,large_set_a,0,Maternal Depressive Symptoms and Low Literacy as Potential Barriers to Employment in a Sample of Families Receiving Welfare: Are There Two-Generational Implications?
doi:10.1300/j013v32n03_03,synergy_walker_2018__doi:10.1300/j013v32n03_03,doi:10.1300/j013v32n03_03,synergy_walker_2018,large_set_b,0,Maternal Depressive Symptoms and Low Literacy as Potential Barriers to Employment in a Sample of Families Receiving Welfare: Are There Two-Generational Implications?
doi:10.1516/jjba-2rhj-8q24-rrq0,synergy_brouwer_2019__doi:10.1516/jjba-2rhj-8q24-rrq0,doi:10.1516/jjba-2rhj-8q24-rrq0,synergy_brouwer_2019,large_set_a,0,Destruction and guilt: Splitting and reintegration in the analysis of a traumatised patient
doi:10.1516/jjba-2rhj-8q24-rrq0,synergy_walker_2018__doi:10.1516/jjba-2rhj-8q24-rrq0,doi:10.1516/jjba-2rhj-8q24-rrq0,synergy_walker_2018,large_set_b,0,Destruction and guilt: Splitting and reintegration in the analysis of a traumatised patient
doi:10.1517/13543784.14.4.521,synergy_leenaars_2020__doi:10.1517/13543784.14.4.521,doi:10.1517/13543784.14.4.521,synergy_leenaars_2020,large_set_a,0,"Clinical pharmacology of lumiracoxib, a second-generation cyclooxygenase 2 selective inhibitor"
doi:10.1517/13543784.14.4.521,synergy_walker_2018__doi:10.1517/13543784.14.4.521,doi:10.1517/13543784.14.4.521,synergy_walker_2018,large_set_b,0,"Clinical pharmacology of lumiracoxib, a second-generation cyclooxygenase 2 selective inhibitor"
doi:10.1517/14656566.2.7.1085,synergy_leenaars_2020__doi:10.1517/14656566.2.7.1085,doi:10.1517/14656566.2.7.1085,synergy_leenaars_2020,large_set_a,0,The treatment of juvenile arthritis
doi:10.1517/14656566.2.7.1085,synergy_walker_2018__doi:10.1517/14656566.2.7.1085,doi:10.1517/14656566.2.7.1085,synergy_walker_2018,large_set_b,0,The treatment of juvenile arthritis
doi:10.1517/14656566.3.9.1329,synergy_nelson_2002__doi:10.1517/14656566.3.9.1329,doi:10.1517/14656566.3.9.1329,synergy_nelson_2002,large_set_a,0,Anastrozole in the management of breast cancer
doi:10.1517/14656566.3.9.1329,synergy_walker_2018__doi:10.1517/14656566.3.9.1329,doi:10.1517/14656566.3.9.1329,synergy_walker_2018,large_set_b,0,Anastrozole in the management of breast cancer
doi:10.1521/bumc.68.4.319.56642,synergy_brouwer_2019__doi:10.1521/bumc.68.4.319.56642,doi:10.1521/bumc.68.4.319.56642,synergy_brouwer_2019,large_set_a,0,Psychobiological dysregulation in violence-exposed mothers: Salivary cortisol of mothers with very young children pre- and post-separation stress
doi:10.1521/bumc.68.4.319.56642,synergy_walker_2018__doi:10.1521/bumc.68.4.319.56642,doi:10.1521/bumc.68.4.319.56642,synergy_walker_2018,large_set_b,0,Psychobiological dysregulation in violence-exposed mothers: Salivary cortisol of mothers with very young children pre- and post-separation stress
doi:10.1521/ijgp.2006.56.1.5,synergy_brouwer_2019__doi:10.1521/ijgp.2006.56.1.5,doi:10.1521/ijgp.2006.56.1.5,synergy_brouwer_2019,large_set_a,0,"Head Start Is Too Late: Integrating and Applying Infant Observation Studies, and Attachment, Trauma, and Neurobiological Research to Groups with Pregnant and New Mothers"
doi:10.1521/ijgp.2006.56.1.5,synergy_walker_2018__doi:10.1521/ijgp.2006.56.1.5,doi:10.1521/ijgp.2006.56.1.5,synergy_walker_2018,large_set_b,0,"Head Start Is Too Late: Integrating and Applying Infant Observation Studies, and Attachment, Trauma, and Neurobiological Research to Groups with Pregnant and New Mothers"
doi:10.1521/jaap.32.1.21.28325,synergy_brouwer_2019__doi:10.1521/jaap.32.1.21.28325,doi:10.1521/jaap.32.1.21.28325,synergy_brouwer_2019,large_set_a,0,Mysteries of the Void: An Analyst's View of Female Urination
doi:10.1521/jaap.32.1.21.28325,synergy_walker_2018__doi:10.1521/jaap.32.1.21.28325,doi:10.1521/jaap.32.1.21.28325,synergy_walker_2018,large_set_b,0,Mysteries of the Void: An Analyst's View of Female Urination
doi:10.1521/psyc.2006.69.3.204,synergy_brouwer_2019__doi:10.1521/psyc.2006.69.3.204,doi:10.1521/psyc.2006.69.3.204,synergy_brouwer_2019,large_set_a,0,Parent Suicide: Pathways of Effects into the Third Generation
doi:10.1521/psyc.2006.69.3.204,synergy_walker_2018__doi:10.1521/psyc.2006.69.3.204,doi:10.1521/psyc.2006.69.3.204,synergy_walker_2018,large_set_b,0,Parent Suicide: Pathways of Effects into the Third Generation
doi:10.15288/jsa.2003.64.167,synergy_brouwer_2019__doi:10.15288/jsa.2003.64.167,doi:10.15288/jsa.2003.64.167,synergy_brouwer_2019,large_set_a,0,Parental risk factors and social assimilation in alcohol dependence of Mexican Americans.
doi:10.15288/jsa.2003.64.167,synergy_walker_2018__doi:10.15288/jsa.2003.64.167,doi:10.15288/jsa.2003.64.167,synergy_walker_2018,large_set_b,0,Parental risk factors and social assimilation in alcohol dependence of Mexican Americans.
doi:10.1542/peds.2011-3374,synergy_brouwer_2019__doi:10.1542/peds.2011-3374,doi:10.1542/peds.2011-3374,synergy_brouwer_2019,large_set_a,0,Dental Composite Restorations and Psychosocial Function in Children
doi:10.1542/peds.2011-3374,synergy_wassenaar_2017__doi:10.1542/peds.2011-3374,doi:10.1542/peds.2011-3374,synergy_wassenaar_2017,large_set_b,0,Dental Composite Restorations and Psychosocial Function in Children
doi:10.2165/00002018-200831100-00004,synergy_brouwer_2019__doi:10.2165/00002018-200831100-00004,doi:10.2165/00002018-200831100-00004,synergy_brouwer_2019,large_set_a,0,Comparative Risk for Harms of Second-Generation Antidepressants
doi:10.2165/00002018-200831100-00004,synergy_walker_2018__doi:10.2165/00002018-200831100-00004,doi:10.2165/00002018-200831100-00004,synergy_walker_2018,large_set_b,0,Comparative Risk for Harms of Second-Generation Antidepressants
doi:10.2165/11585350-000000000-00000,synergy_brouwer_2019__doi:10.2165/11585350-000000000-00000,doi:10.2165/11585350-000000000-00000,synergy_brouwer_2019,large_set_a,0,Management of Schizophrenia in Children and Adolescents
doi:10.2165/11585350-000000000-00000,synergy_walker_2018__doi:10.2165/11585350-000000000-00000,doi:10.2165/11585350-000000000-00000,synergy_walker_2018,large_set_b,0,Management of Schizophrenia in Children and Adolescents
doi:10.2165/11596930-000000000-00000,synergy_brouwer_2019__doi:10.2165/11596930-000000000-00000,doi:10.2165/11596930-000000000-00000,synergy_brouwer_2019,large_set_a,0,Pharmacological Management of Acute and Persistent Aggression in Forensic Psychiatry Settings
doi:10.2165/11596930-000000000-00000,synergy_walker_2018__doi:10.2165/11596930-000000000-00000,doi:10.2165/11596930-000000000-00000,synergy_walker_2018,large_set_b,0,Pharmacological Management of Acute and Persistent Aggression in Forensic Psychiatry Settings
doi:10.2174/138945009787122833,synergy_leenaars_2020__doi:10.2174/138945009787122833,doi:10.2174/138945009787122833,synergy_leenaars_2020,large_set_a,0,Monoclonal Antibodies in the Treatment of Systemic Lupus Erythematosus
doi:10.2174/138945009787122833,synergy_walker_2018__doi:10.2174/138945009787122833,doi:10.2174/138945009787122833,synergy_walker_2018,large_set_b,0,Monoclonal Antibodies in the Treatment of Systemic Lupus Erythematosus
doi:10.2174/1389557043403783,synergy_leenaars_2020__doi:10.2174/1389557043403783,doi:10.2174/1389557043403783,synergy_leenaars_2020,large_set_a,0,The Second Generation of COX-2 Inhibitors: Clinical Pharmacological Point of View
doi:10.2174/1389557043403783,synergy_walker_2018__doi:10.2174/1389557043403783,doi:10.2174/1389557043403783,synergy_walker_2018,large_set_b,0,The Second Generation of COX-2 Inhibitors: Clinical Pharmacological Point of View
doi:10.2174/187152411798047807,synergy_brouwer_2019__doi:10.2174/187152411798047807,doi:10.2174/187152411798047807,synergy_brouwer_2019,large_set_a,0,Duloxetine in the Treatment of Depression: An Overview
doi:10.2174/187152411798047807,synergy_walker_2018__doi:10.2174/187152411798047807,doi:10.2174/187152411798047807,synergy_walker_2018,large_set_b,0,Duloxetine in the Treatment of Depression: An Overview
doi:10.2217/epi.11.17,synergy_moran_2021__doi:10.2217/epi.11.17,doi:10.2217/epi.11.17,synergy_moran_2021,large_set_a,0,Developmental plasticity and epigenetic mechanisms underpinning metabolic and cardiovascular diseases
doi:10.2217/epi.11.17,synergy_walker_2018__doi:10.2217/epi.11.17,doi:10.2217/epi.11.17,synergy_walker_2018,large_set_b,0,Developmental plasticity and epigenetic mechanisms underpinning metabolic and cardiovascular diseases
doi:10.2341/10-130-l,synergy_van_dis_2020__doi:10.2341/10-130-l,doi:10.2341/10-130-l,synergy_van_dis_2020,large_set_a,0,Hydration and Dehydration Periods of Crown Fragments Prior to Reattachment
doi:10.2341/10-130-l,synergy_wassenaar_2017__doi:10.2341/10-130-l,doi:10.2341/10-130-l,synergy_wassenaar_2017,large_set_b,0,Hydration and Dehydration Periods of Crown Fragments Prior to Reattachment
doi:10.3109/01612840.2012.684424,synergy_brouwer_2019__doi:10.3109/01612840.2012.684424,doi:10.3109/01612840.2012.684424,synergy_brouwer_2019,large_set_a,0,Resourcefulness Training for Grandmothers Raising Grandchildren: Is There a Need?
doi:10.3109/01612840.2012.684424,synergy_walker_2018__doi:10.3109/01612840.2012.684424,doi:10.3109/01612840.2012.684424,synergy_walker_2018,large_set_b,0,Resourcefulness Training for Grandmothers Raising Grandchildren: Is There a Need?
doi:10.3109/03009742.2010.491834,synergy_leenaars_2020__doi:10.3109/03009742.2010.491834,doi:10.3109/03009742.2010.491834,synergy_leenaars_2020,large_set_a,0,The number needed to treat for second-generation biologics when treating established rheumatoid arthritis: a systematic quantitative review of randomized controlled trials
doi:10.3109/03009742.2010.491834,synergy_walker_2018__doi:10.3109/03009742.2010.491834,doi:10.3109/03009742.2010.491834,synergy_walker_2018,large_set_b,0,The number needed to treat for second-generation biologics when treating established rheumatoid arthritis: a systematic quantitative review of randomized controlled trials
doi:10.3109/03014460.2011.580781,synergy_moran_2021__doi:10.3109/03014460.2011.580781,doi:10.3109/03014460.2011.580781,synergy_moran_2021,large_set_a,0,An evolutionary perspective on the trans-generational basis of obesity
doi:10.3109/03014460.2011.580781,synergy_walker_2018__doi:10.3109/03014460.2011.580781,doi:10.3109/03014460.2011.580781,synergy_walker_2018,large_set_b,0,An evolutionary perspective on the trans-generational basis of obesity
doi:10.3899/jrheum.111152,synergy_leenaars_2020__doi:10.3899/jrheum.111152,doi:10.3899/jrheum.111152,synergy_leenaars_2020,large_set_a,0,"Anticitrullinated Protein Antibody, But Not Its Titer, Is a Predictor of Radiographic Progression and Disease Activity in Rheumatoid Arthritis"
doi:10.3899/jrheum.111152,synergy_walker_2018__doi:10.3899/jrheum.111152,doi:10.3899/jrheum.111152,synergy_walker_2018,large_set_b,0,"Anticitrullinated Protein Antibody, But Not Its Titer, Is a Predictor of Radiographic Progression and Disease Activity in Rheumatoid Arthritis"
doi:10.3928/02793695-20101208-01,synergy_brouwer_2019__doi:10.3928/02793695-20101208-01,doi:10.3928/02793695-20101208-01,synergy_brouwer_2019,large_set_a,0,Sleep Interventions for the Treatment of Depression
doi:10.3928/02793695-20101208-01,synergy_walker_2018__doi:10.3928/02793695-20101208-01,doi:10.3928/02793695-20101208-01,synergy_walker_2018,large_set_b,0,Sleep Interventions for the Treatment of Depression
doi:10.4061/2011/815038,synergy_leenaars_2020__doi:10.4061/2011/815038,doi:10.4061/2011/815038,synergy_leenaars_2020,large_set_a,0,A systematic review of serum biomarkers anti-cyclic citrullinated Peptide and rheumatoid factor as tests for rheumatoid arthritis.
doi:10.4061/2011/815038,synergy_walker_2018__doi:10.4061/2011/815038,doi:10.4061/2011/815038,synergy_walker_2018,large_set_b,0,A systematic review of serum biomarkers anti-cyclic citrullinated Peptide and rheumatoid factor as tests for rheumatoid arthritis.
doi:10.4088/jcp.11m06916,synergy_brouwer_2019__doi:10.4088/jcp.11m06916,doi:10.4088/jcp.11m06916,synergy_brouwer_2019,large_set_a,0,Pharmacogenomic Associations With Weight Gain in Olanzapine Treatment of Patients Without Schizophrenia
doi:10.4088/jcp.11m06916,synergy_walker_2018__doi:10.4088/jcp.11m06916,doi:10.4088/jcp.11m06916,synergy_walker_2018,large_set_b,0,Pharmacogenomic Associations With Weight Gain in Olanzapine Treatment of Patients Without Schizophrenia
doi:10.4088/jcp.v63n0202,synergy_brouwer_2019__doi:10.4088/jcp.v63n0202,doi:10.4088/jcp.v63n0202,synergy_brouwer_2019,large_set_a,0,What Role Do Atypical Antipsychotic Drugs Have in Treatment-Resistant Depression?
doi:10.4088/jcp.v63n0202,synergy_walker_2018__doi:10.4088/jcp.v63n0202,doi:10.4088/jcp.v63n0202,synergy_walker_2018,large_set_b,0,What Role Do Atypical Antipsychotic Drugs Have in Treatment-Resistant Depression?
doi:10.4088/jcp.v67n1215,synergy_brouwer_2019__doi:10.4088/jcp.v67n1215,doi:10.4088/jcp.v67n1215,synergy_brouwer_2019,large_set_a,0,Relapse Rates in Patients With Schizophrenia Receiving Aripiprazole in Comparison With Other Atypical Antipsychotics
doi:10.4088/jcp.v67n1215,synergy_walker_2018__doi:10.4088/jcp.v67n1215,doi:10.4088/jcp.v67n1215,synergy_walker_2018,large_set_b,0,Relapse Rates in Patients With Schizophrenia Receiving Aripiprazole in Comparison With Other Atypical Antipsychotics
ttl:[the clinical application of quantiferon tb-2g: its usefulness and limitations].,synergy_leenaars_2020__title:f63e5565503adba7317c79565a89a7d44b3be0bf,title:f63e5565503adba7317c79565a89a7d44b3be0bf,synergy_leenaars_2020,large_set_a,0,[The clinical application of quantiferon TB-2G: its usefulness and limitations].
ttl:[the clinical application of quantiferon tb-2g: its usefulness and limitations].,synergy_walker_2018__title:f63e5565503adba7317c79565a89a7d44b3be0bf,title:f63e5565503adba7317c79565a89a7d44b3be0bf,synergy_walker_2018,large_set_b,0,[The clinical application of quantiferon TB-2G: its usefulness and limitations].
ttl:antimicrobial agents as biological response modifiers (brm) and chrono-immunomodulation: an emerging relationship.,synergy_brouwer_2019__title:301f77af6e3975182d9107ad1a1d7f9a6ac79f64,title:301f77af6e3975182d9107ad1a1d7f9a6ac79f64,synergy_brouwer_2019,large_set_a,0,Antimicrobial agents as biological response modifiers (BRM) and chrono-immunomodulation: an emerging relationship.
ttl:antimicrobial agents as biological response modifiers (brm) and chrono-immunomodulation: an emerging relationship.,synergy_walker_2018__title:301f77af6e3975182d9107ad1a1d7f9a6ac79f64,title:301f77af6e3975182d9107ad1a1d7f9a6ac79f64,synergy_walker_2018,large_set_b,0,Antimicrobial agents as biological response modifiers (BRM) and chrono-immunomodulation: an emerging relationship.
"ttl:drug evaluation: vx-702, a map kinase inhibitor for rheumatoid arthritis and acute coronary syndrome.",synergy_leenaars_2020__title:c33277651ff9836e170afb16981ccf21f26ddce8,title:c33277651ff9836e170afb16981ccf21f26ddce8,synergy_leenaars_2020,large_set_a,0,"Drug evaluation: VX-702, a MAP kinase inhibitor for rheumatoid arthritis and acute coronary syndrome."
"ttl:drug evaluation: vx-702, a map kinase inhibitor for rheumatoid arthritis and acute coronary syndrome.",synergy_walker_2018__title:c33277651ff9836e170afb16981ccf21f26ddce8,title:c33277651ff9836e170afb16981ccf21f26ddce8,synergy_walker_2018,large_set_b,0,"Drug evaluation: VX-702, a MAP kinase inhibitor for rheumatoid arthritis and acute coronary syndrome."
ttl:identification and its vicissitudes in the context of the nazi phenomenon.,synergy_brouwer_2019__title:4a6284608fe45be8950737131226d407982bde95,title:4a6284608fe45be8950737131226d407982bde95,synergy_brouwer_2019,large_set_a,0,Identification and its vicissitudes in the context of the Nazi phenomenon.
ttl:identification and its vicissitudes in the context of the nazi phenomenon.,synergy_walker_2018__title:4a6284608fe45be8950737131226d407982bde95,title:4a6284608fe45be8950737131226d407982bde95,synergy_walker_2018,large_set_b,0,Identification and its vicissitudes in the context of the Nazi phenomenon.
ttl:microtensile bond strengths and interfacial examination of a polyalkenoate-based 1-step adhesive.,synergy_van_dis_2020__title:f1c95adc7d2270e3b566864515eea88948a52eb4,title:f1c95adc7d2270e3b566864515eea88948a52eb4,synergy_van_dis_2020,large_set_a,0,Microtensile bond strengths and interfacial examination of a polyalkenoate-based 1-step adhesive.
ttl:microtensile bond strengths and interfacial examination of a polyalkenoate-based 1-step adhesive.,synergy_wassenaar_2017__title:f1c95adc7d2270e3b566864515eea88948a52eb4,title:f1c95adc7d2270e3b566864515eea88948a52eb4,synergy_wassenaar_2017,large_set_b,0,Microtensile bond strengths and interfacial examination of a polyalkenoate-based 1-step adhesive.
ttl:peg-stnf-ri. amgen.,synergy_leenaars_2020__title:f2cfb160099f9cd02b0e5b0b7ab5f9514554a8c8,title:f2cfb160099f9cd02b0e5b0b7ab5f9514554a8c8,synergy_leenaars_2020,large_set_a,0,PEG-sTNF-RI. Amgen.
ttl:peg-stnf-ri. amgen.,synergy_walker_2018__title:f2cfb160099f9cd02b0e5b0b7ab5f9514554a8c8,title:f2cfb160099f9cd02b0e5b0b7ab5f9514554a8c8,synergy_walker_2018,large_set_b,0,PEG-sTNF-RI. Amgen.
ttl:psychiatric presentation of huntington's disease in a malaysian family.,synergy_brouwer_2019__title:3a0d5d5db0ffb3108f076a2899d9e05e6446919a,title:3a0d5d5db0ffb3108f076a2899d9e05e6446919a,synergy_brouwer_2019,large_set_a,0,Psychiatric presentation of Huntington's disease in a Malaysian family.
ttl:psychiatric presentation of huntington's disease in a malaysian family.,synergy_walker_2018__title:3a0d5d5db0ffb3108f076a2899d9e05e6446919a,title:3a0d5d5db0ffb3108f076a2899d9e05e6446919a,synergy_walker_2018,large_set_b,0,Psychiatric presentation of Huntington's disease in a Malaysian family.
