,carbon_capture,cement_binders,ner,nykvist_evcharging,roadfreight_metareview,soil_microbiome,solar_leo,synergy_appenzeller-herzog_2019,synergy_bos_2018,synergy_brouwer_2019,synergy_chou_2003,synergy_chou_2004,synergy_donners_2021,synergy_hall_2012,synergy_jeyaraman_2020,synergy_leenaars_2019,synergy_leenaars_2020,synergy_meijboom_2021,synergy_menon_2022,synergy_moran_2021,synergy_muthu_2021,synergy_nelson_2002,synergy_oud_2018,synergy_radjenovic_2013,synergy_sep_2021,synergy_smid_2020,synergy_van_de_schoot_2018,synergy_van_der_valk_2021,synergy_van_der_waal_2022,synergy_van_dis_2020,synergy_walker_2018,synergy_wassenaar_2017,synergy_wolters_2018,tech_forecasting
carbon_capture,0.5078376390548864,0.5550191815856778,0.5200030231269209,0.525725,0.5826916638767995,0.4347342448022005,0.4967798466593647,0.7680384615384614,0.6872666666666666,0.6833763440860215,0.5706666666666667,0.5982222222222222,0.446639231824417,0.5183269230769232,0.6136324142724745,0.44298039215686275,0.5340080183276059,0.5066528066528067,0.4686909439961604,0.5493213213213213,0.5518144841269841,0.5196678321678321,0.5567596566523605,0.4534722222222223,0.4982683982683983,0.5227654320987654,0.6258333333333332,0.4672814642074764,0.42181818181818176,0.6801944444444444,0.46086885964912283,0.5369009009009008,0.7343508771929824,0.486368236204536
cement_binders,0.43734485611841506,0.648849104859335,0.5122940494785105,0.540626515151515,0.5135587546032809,0.4456152414853167,0.5584446878422782,0.7633333333333334,0.6973333333333334,0.5476290322580645,0.6103999999999999,0.6565555555555556,0.5639231824417009,0.4882884615384615,0.653300702811245,0.3526666666666667,0.6785664375715923,0.6827122980969135,0.46037435882052974,0.5006066066066066,0.5464255952380952,0.6239947552447553,0.6317328326180258,0.4665555555555556,0.537012987012987,0.5216666666666666,0.7346491228070176,0.5054501448660872,0.4724848484848485,0.6121898148148148,0.44885701754385965,0.408027027027027,0.5955087719298245,0.5075004464551461
ner,0.43513836535809514,0.5268542199488491,0.5763591474782084,0.5219151515151516,0.3734516237027118,0.47540652050804955,0.5155093099671413,0.5929615384615385,0.668,0.5397204301075269,0.5757333333333333,0.3917777777777777,0.27681755829903976,0.6423365384615384,0.528764094840902,0.6393333333333333,0.4680693012600229,0.3502158963697425,0.46235414104448513,0.5905015015015015,0.5208809523809523,0.46136363636363636,0.578969957081545,0.5735277777777777,0.4777056277056278,0.4089259259259259,0.4983859649122807,0.49044237156384707,0.4125252525252525,0.4278333333333334,0.5606175438596491,0.555048048048048,0.4967719298245614,0.45300315494969945
nykvist_evcharging,0.47696975268916064,0.45946291560102304,0.5179120270066004,0.656039393939394,0.49430867090726477,0.5185260092225548,0.5224096385542168,0.6491282051282051,0.6118,0.5216021505376344,0.5764,0.5110370370370371,0.3951989026063101,0.6389711538461538,0.4534580630213161,0.6022352941176471,0.4574329896907216,0.3663041739964817,0.4716531181570027,0.5363543543543544,0.47848214285714286,0.3996503496503496,0.5938304721030043,0.6076944444444444,0.4988095238095238,0.6150617283950617,0.5193684210526315,0.452936188255247,0.45921212121212124,0.5590462962962963,0.5041175438596491,0.5894144144144144,0.563578947368421,0.5303887136139056
roadfreight_metareview,0.4572262572400478,0.4857097186700768,0.5000503854486824,0.5584204545454545,0.6298962169400737,0.5540004853976216,0.48056955093099674,0.5949615384615385,0.6103333333333334,0.39241397849462367,0.5645111111111111,0.6427407407407408,0.31028806584362134,0.4587307692307693,0.5266546957059005,0.41494117647058826,0.47150286368843075,0.4083799776107469,0.5307166211716712,0.6351981981981982,0.5379781746031745,0.4811407342657343,0.3981223175965665,0.42689583333333325,0.42613636363636365,0.5261975308641975,0.45414035087719296,0.5054148116740866,0.4245151515151515,0.4728935185185185,0.46081842105263154,0.6146636636636637,0.602421052631579,0.5088993392463836
soil_microbiome,0.46773007263032085,0.4474424552429668,0.4779311734770999,0.4260030303030303,0.6255440241044526,0.5328047892565326,0.5552245345016429,0.595025641025641,0.7700666666666666,0.4429354838709677,0.5026222222222222,0.5917777777777777,0.1613168724279835,0.6407083333333332,0.4632375656472042,0.3236470588235294,0.43230641466208475,0.37046217815448584,0.42044875063742987,0.6263063063063066,0.4907519841269841,0.4003933566433566,0.5553648068669528,0.5368819444444445,0.5151515151515151,0.528962962962963,0.5656842105263158,0.514062610416225,0.3753333333333333,0.5423981481481481,0.5313359649122807,0.6703633633633633,0.5609473684210526,0.5475325912256682
solar_leo,0.4034200606784959,0.4074808184143223,0.457701415831108,0.4276227272727273,0.5137261466354202,0.5311867971846937,0.5572398685651697,0.7232307692307692,0.4023333333333333,0.550516129032258,0.6066222222222222,0.5780740740740741,0.28559670781893004,0.6135929487179488,0.4237430491195551,0.6032549019607844,0.42822565864833906,0.36804733727810646,0.4662387137414884,0.5985255255255255,0.5129503968253968,0.47150349650349654,0.358637339055794,0.5349027777777777,0.5238095238095238,0.4713827160493827,0.6406315789473683,0.5083562999081337,0.2732121212121212,0.4490092592592593,0.5247767543859648,0.6487387387387387,0.5873684210526315,0.4662777546282517
synergy_appenzeller-herzog_2019,0.5813183782292912,0.46080562659846547,0.5183151105960598,0.531669696969697,0.4273518580515568,0.38633605695332096,0.5418838992332968,0.8852820512820513,0.7282666666666666,0.4679569892473118,0.7547555555555555,0.5655555555555556,0.5742112482853223,0.6047532051282052,0.7203622181031819,0.4392549019607843,0.5557285223367698,0.7557652326883095,0.4280979092299847,0.5663423423423423,0.5630138888888889,0.5829982517482517,0.5461909871244636,0.5355694444444444,0.503030303030303,0.5065925925925926,0.504140350877193,0.5148576072362376,0.5956363636363636,0.6486111111111111,0.43871184210526315,0.6490180180180181,0.5765263157894737,0.43978808262396574
synergy_bos_2018,0.5203870552542061,0.4680306905370844,0.5325741925731848,0.6002333333333333,0.4464345497154335,0.34531995793220616,0.6374151150054765,0.7863333333333333,0.9358,0.565247311827957,0.6564,0.5671111111111111,0.6115226337448558,0.6379391025641026,0.6609032282978066,0.39862745098039215,0.5643213058419244,0.739868862945786,0.6315955244923058,0.5246426426426426,0.5081349206349206,0.5060314685314685,0.5826716738197425,0.5825972222222223,0.513961038961039,0.6550123456790123,0.5584912280701754,0.6877782488870045,0.5401616161616161,0.4709444444444445,0.44683245614035083,0.6288798798798799,0.8097543859649122,0.46324185963450204
synergy_brouwer_2019,0.5027581134503999,0.4234015345268542,0.5254194588602811,0.5711939393939394,0.45580850351523267,0.4415500364048216,0.527579408543264,0.8691282051282051,0.8226666666666667,0.7770752688172043,0.7556888888888889,0.6842962962962963,0.5659807956104252,0.6772019230769231,0.7335399289465555,0.3827843137254902,0.6282004581901489,0.7850951543259236,0.5926748057713652,0.5351891891891892,0.5422559523809524,0.5884178321678322,0.4685622317596566,0.6123472222222224,0.4463203463203463,0.4451111111111111,0.6686491228070175,0.5997986008055969,0.5862626262626263,0.6010277777777777,0.43848070175438597,0.5241441441441441,0.7711228070175439,0.4580034525864635
synergy_chou_2003,0.5251907695136526,0.47231457800511506,0.5080868645135285,0.5489893939393939,0.5113826581854704,0.42986004368578595,0.5171522453450165,0.7831282051282051,0.4262666666666667,0.4555483870967742,0.7575555555555556,0.5247407407407407,0.4540466392318244,0.6786762820512819,0.7098586654309545,0.5423921568627451,0.44221993127147763,0.5457860227090996,0.419983801781804,0.5895975975975976,0.6111210317460318,0.4713723776223776,0.4521995708154506,0.6201527777777779,0.4991341991341991,0.516716049382716,0.5917543859649123,0.5402621722846441,0.38183838383838387,0.5270092592592592,0.43087105263157893,0.6251441441441441,0.5316140350877193,0.43910351806655157
synergy_chou_2004,0.5329134871747725,0.45620204603580555,0.47548747921600243,0.5763242424242424,0.5194174757281553,0.44794110508858503,0.49467688937568455,0.7577179487179487,0.40153333333333335,0.4110860215053763,0.6874222222222222,0.5266666666666667,0.5470507544581619,0.662926282051282,0.7655332869941305,0.5072549019607843,0.5238717067583046,0.5473532704301936,0.4600893901670816,0.591915915915916,0.6015436507936508,0.4742132867132868,0.5079399141630901,0.5935416666666666,0.4487012987012987,0.5245185185185185,0.4641052631578947,0.5121369514521943,0.34345454545454546,0.5608888888888889,0.4390184210526316,0.623867867867868,0.5253333333333333,0.46651586403952616
synergy_donners_2021,0.5931322975085042,0.39744245524296673,0.46939083992542946,0.5853575757575757,0.433712755272849,0.4277566539923955,0.5372617743702082,0.8121538461538461,0.7523333333333333,0.3973548387096774,0.7163999999999999,0.5062222222222222,0.6776406035665296,0.6825416666666666,0.6032495366079703,0.34949019607843135,0.5617187857961055,0.6775947545178315,0.5666826649068601,0.5784924924924925,0.5081964285714285,0.4943618881118881,0.4550429184549356,0.5711805555555556,0.4572510822510822,0.5311358024691357,0.6242982456140351,0.6175005299978801,0.4764040404040404,0.5144351851851852,0.4684706140350877,0.7133303303303303,0.6463859649122807,0.40520269063634745
synergy_hall_2012,0.476510067114094,0.4184782608695652,0.5107572932936968,0.5971,0.4889521258788082,0.4832537820564679,0.4823220153340635,0.5834615384615385,0.5956666666666667,0.46761290322580645,0.5740888888888889,0.5575555555555556,0.17091906721536354,0.9060929487179488,0.4855383070744517,0.4642745098039216,0.3301683848797251,0.34888853350391813,0.39201187869334375,0.6136696696696696,0.5122837301587302,0.4099213286713287,0.4400214592274678,0.74425,0.42932900432900434,0.6554320987654322,0.4616315789473684,0.5177725955762843,0.3592727272727273,0.4650277777777778,0.4513622807017544,0.6024354354354354,0.5454736842105263,0.4658015358057028
synergy_jeyaraman_2020,0.5307069964144526,0.40952685421994883,0.49352546984430895,0.5126984848484849,0.43906930030130564,0.40821939972494137,0.4717196056955093,0.8345641025641025,0.49946666666666667,0.5306451612903227,0.8073333333333332,0.7420740740740741,0.5412894375857339,0.7522147435897435,0.8356406394810009,0.5106274509803921,0.7058545246277205,0.7755957140572526,0.37656357800641926,0.5447687687687688,0.6532043650793651,0.5771416083916084,0.7049356223175965,0.6669444444444445,0.42608225108225106,0.5656790123456791,0.5805789473684211,0.5516394601088261,0.5847676767676767,0.5879444444444444,0.3809425438596491,0.5230300300300301,0.5216842105263159,0.39514256801000064
synergy_leenaars_2019,0.5173990990162728,0.46464194373401535,0.5126215548949464,0.5349742424242424,0.5207566119852695,0.3758595582881644,0.5515005476451259,0.8123846153846154,0.505,0.47054838709677416,0.7176,0.5628148148148149,0.5111111111111112,0.6456249999999999,0.7238666203274637,0.8087450980392157,0.6266030927835052,0.7880697265312652,0.5061793202747698,0.5004624624624624,0.4567043650793651,0.43763111888111894,0.5553648068669529,0.643375,0.4470779220779221,0.47138271604938276,0.6119473684210526,0.5949579535015193,0.6896969696969697,0.43996296296296294,0.45820087719298247,0.5374204204204204,0.5232631578947368,0.4455324721709626
synergy_leenaars_2020,0.5410269375746989,0.4877877237851662,0.47145664332140874,0.510760606060606,0.4340475393371276,0.3860529083407492,0.56078860898138,0.7095384615384615,0.4708666666666667,0.47413978494623654,0.6292888888888889,0.5599259259259259,0.3624142661179698,0.634150641025641,0.6311302903923386,0.5822745098039216,0.5550950744558991,0.6567727490804414,0.5231874493805682,0.5476996996996998,0.5537420634920635,0.3403409090909091,0.5339055793991416,0.577625,0.5676406926406926,0.5469135802469136,0.3429473684210526,0.5289908840364639,0.5855555555555556,0.47975,0.5312206140350877,0.6535285285285285,0.567578947368421,0.49360080957199837
synergy_meijboom_2021,0.5086420888112531,0.3625319693094629,0.48924270670630327,0.5716712121212121,0.5147304988282557,0.4140037213817652,0.5688937568455641,0.7832820512820513,0.6524,0.5446881720430108,0.6512,0.5273333333333333,0.4156378600823045,0.6125993589743589,0.6533634538152611,0.29462745098039217,0.4403940435280641,0.6778826163441548,0.3556708762036176,0.6086126126126126,0.5935595238095238,0.5049825174825175,0.49506437768240347,0.601625,0.40995670995670996,0.4941234567901234,0.4790175438596491,0.47074411702353197,0.3917979797979798,0.5429351851851851,0.4141508771929825,0.6741891891891891,0.6346666666666666,0.410351806655158
synergy_menon_2022,0.48329042934632704,0.49782608695652175,0.45482944525621005,0.5843469696969696,0.5107130900569132,0.38560796052099344,0.5240306681270537,0.7692564102564103,0.7598,0.49200000000000005,0.6232888888888889,0.46725925925925926,0.37037037037037035,0.5877019230769231,0.6124497991967872,0.5276078431372548,0.442286941580756,0.6157044618583081,0.4796472388037316,0.5957597597597597,0.5838333333333333,0.4764423076923077,0.4653969957081545,0.4801666666666667,0.5,0.5898765432098765,0.571140350877193,0.5635820790050172,0.4976565656565657,0.5511203703703703,0.5025688596491228,0.657996996996997,0.6775087719298245,0.4754449669623192
synergy_moran_2021,0.4703043118506941,0.39814578005115087,0.5305083891772057,0.54825,0.5251088048208905,0.38880349486287513,0.5459802847754655,0.6251538461538462,0.5252666666666667,0.5105268817204301,0.5184888888888889,0.5588888888888889,0.3234567901234568,0.6766955128205128,0.5615152919369787,0.6309019607843138,0.4374375715922108,0.5165200703662243,0.5610132885382608,0.6021741741741742,0.5020555555555556,0.3706293706293706,0.5695278969957082,0.642375,0.48268398268398266,0.6577037037037036,0.5221228070175438,0.47584976326761363,0.45686868686868687,0.4295833333333333,0.5708263157894736,0.716075075075075,0.5931578947368421,0.4871420917911781
synergy_muthu_2021,0.5298335938218259,0.42084398976982096,0.494482793369275,0.6457954545454546,0.4266822899229996,0.3843944664671143,0.47084337349397587,0.7997435897435897,0.5742,0.5326666666666667,0.5384888888888889,0.5345185185185185,0.48312757201646095,0.7524455128205129,0.7622702347852951,0.3834117647058824,0.6050332187857961,0.74143611066688,0.41221465638779736,0.5539159159159159,0.6360019841269842,0.5824737762237762,0.6516630901287553,0.6602083333333333,0.45259740259740255,0.6075061728395061,0.6164385964912281,0.5510741290368172,0.5422828282828283,0.49464814814814817,0.41673026315789474,0.5331921921921922,0.6067719298245614,0.438954699684505
synergy_nelson_2002,0.5532315895927187,0.390920716112532,0.45069783846425154,0.5937333333333332,0.4732172748577168,0.4534827279346332,0.5130777656078861,0.7607692307692309,0.7548666666666667,0.4764301075268817,0.6587555555555555,0.4822222222222222,0.39917695473251025,0.6534583333333334,0.6315936824219958,0.5940784313725489,0.4265166093928981,0.6009915240684472,0.5207727150013498,0.6159819819819821,0.5849146825396825,0.4973339160839161,0.530793991416309,0.5772083333333333,0.43777056277056275,0.5550864197530865,0.6165087719298246,0.5237085718323794,0.4164040404040404,0.4935462962962963,0.42684517543859646,0.6832432432432431,0.7189824561403508,0.4551461396511697
synergy_oud_2018,0.5448193435689989,0.4687979539641943,0.4939285534337683,0.5056333333333334,0.45882156009373953,0.39321252325863604,0.5382694414019715,0.7702051282051281,0.8488666666666667,0.5214301075268818,0.7557777777777778,0.48266666666666663,0.3607681755829904,0.6813173076923078,0.6830495057151683,0.38694117647058823,0.45132416953035515,0.5886454501839118,0.3751987281399046,0.6062522522522522,0.5658154761904762,0.5158216783216784,0.7318669527896995,0.548236111111111,0.4699134199134199,0.6021728395061727,0.4839649122807018,0.5223305773443573,0.5847878787878789,0.612824074074074,0.44594517543859646,0.6779579579579579,0.7049824561403508,0.45621763200190485
synergy_radjenovic_2013,0.511400202261653,0.5521739130434783,0.49765707663626735,0.5527484848484849,0.5083696016069635,0.4055092630046113,0.468565169769989,0.6808974358974359,0.5748,0.45212903225806456,0.7350222222222222,0.5672592592592592,0.32674897119341567,0.9382147435897437,0.5770292709298733,0.5558039215686275,0.4152187857961054,0.4304173996481689,0.4599994000659927,0.5612672672672673,0.518154761904762,0.42460664335664333,0.4407725321888412,0.9230694444444445,0.4238095238095238,0.5513086419753087,0.5235263157894736,0.489629708147834,0.5193131313131313,0.44117592592592597,0.4626469298245614,0.5442612612612612,0.5317543859649122,0.44038335615215196
synergy_sep_2021,0.48487634458030704,0.3767902813299233,0.4840530054920139,0.5619969696969697,0.3838299296953465,0.47593236793139715,0.5099233296823659,0.7403333333333333,0.7064666666666667,0.4481720430107527,0.6406666666666667,0.42007407407407404,0.31522633744855966,0.6330865384615385,0.5075108124806921,0.6181176470588235,0.39376059564719357,0.49640172717095793,0.40014098449170593,0.5791531531531532,0.5198492063492063,0.40633741258741257,0.38927038626609445,0.6302222222222221,0.44469696969696965,0.533679012345679,0.5078421052631579,0.4978976750759664,0.30238383838383837,0.37849074074074074,0.5557521929824562,0.6806276276276275,0.6116491228070176,0.5254479433299601
synergy_smid_2020,0.4588351567527811,0.5065217391304347,0.48485917267093265,0.5401484848484849,0.5826916638767994,0.5185664590243507,0.5130777656078861,0.5623461538461538,0.4133333333333333,0.4895913978494623,0.42408888888888885,0.4737037037037037,0.3382716049382716,0.6298814102564103,0.3826652764905777,0.6118431372549019,0.32793069873997704,0.4675835598912522,0.4746827848936617,0.6147147147147146,0.5356121031746031,0.3963723776223776,0.2862124463519313,0.5715555555555556,0.5715367965367966,0.9059012345679013,0.41973684210526313,0.5062186417920995,0.43125252525252533,0.42084259259259266,0.4693162280701755,0.6116966966966967,0.4593333333333333,0.4253824632418597
synergy_van_de_schoot_2018,0.4185437160981888,0.3932864450127877,0.47961908600796094,0.6027924242424242,0.5405088717777035,0.5460318744438153,0.5342387732749179,0.6636410256410257,0.33973333333333333,0.4736021505376344,0.4223111111111111,0.5138518518518518,0.24389574759945132,0.734125,0.4580244053135619,0.37568627450980396,0.32014261168384883,0.3810331041100272,0.41005489396166417,0.5916756756756757,0.49722222222222223,0.3660402097902098,0.42381974248927035,0.5838888888888889,0.4317099567099567,0.7684444444444444,0.7959649122807018,0.5018373259840294,0.34220202020202023,0.43725,0.46975657894736844,0.6166186186186187,0.5351929824561403,0.5061015536639085
synergy_van_der_valk_2021,0.46743127700652753,0.4505115089514067,0.4923162190759308,0.5818378787878787,0.48158687646468024,0.39515411374484266,0.6050821467688938,0.8461794871794871,0.8135333333333334,0.5265376344086022,0.6376444444444445,0.7334074074074074,0.6595336076817557,0.6752916666666666,0.6814276336113685,0.5141960784313726,0.6448636884306987,0.7918758995682073,0.6239763626001139,0.4936936936936937,0.5152242063492063,0.5790646853146852,0.5633583690987125,0.6624861111111111,0.5201298701298702,0.49407407407407405,0.6943508771929825,0.7785845523284574,0.5119393939393939,0.5008425925925926,0.44987894736842104,0.6200930930930929,0.6453333333333333,0.4414846121792964
synergy_van_der_waal_2022,0.5269605589776593,0.39629156010230177,0.4661157857610722,0.5521393939393939,0.4732172748577168,0.39984629075317535,0.5407228915662652,0.8471282051282051,0.6592666666666667,0.4829569892473118,0.6902222222222222,0.6136296296296296,0.47023319615912207,0.6901698717948718,0.7350266450417051,0.6972941176470588,0.5806769759450172,0.6840876379337918,0.41152473227944925,0.5152972972972973,0.5373015873015873,0.5828671328671329,0.5910407725321888,0.6379444444444444,0.42987012987012985,0.4570864197530864,0.6319473684210526,0.5843049961133491,0.7791515151515152,0.4922037037037037,0.42916491228070175,0.5997807807807808,0.537719298245614,0.45603904994344907
synergy_van_dis_2020,0.475958444424014,0.4074168797953964,0.41049025041567994,0.5271424242424243,0.4337127552728489,0.49680446565811825,0.5050164293537788,0.827923076923077,0.8012666666666667,0.633247311827957,0.7975555555555556,0.6873333333333334,0.35171467764060355,0.613426282051282,0.7537167902378745,0.35384313725490196,0.543061855670103,0.7168399168399169,0.39150193478717343,0.5813213213213213,0.6443095238095238,0.4715034965034965,0.5908261802575107,0.5335555555555554,0.472077922077922,0.4591358024691358,0.5024736842105263,0.5225425764963607,0.4138989898989899,0.837212962962963,0.467998245614035,0.6439159159159159,0.6043508771929824,0.4442526340853622
synergy_walker_2018,0.5079065918911465,0.3927109974424552,0.4501939839774274,0.6486257575757575,0.5237696685637764,0.4992314537658765,0.4940197152245345,0.7218205128205128,0.6867333333333333,0.49034408602150537,0.6690666666666667,0.5251111111111111,0.4098765432098765,0.6598108974358974,0.575446014828545,0.3952156862745098,0.44003894616265754,0.5450823604669759,0.5829408765035846,0.6558138138138139,0.5582162698412698,0.47897727272727275,0.5319742489270387,0.6119583333333334,0.560064935064935,0.47444444444444445,0.624,0.5075436364921206,0.32383838383838387,0.44572222222222224,0.6370767543859649,0.7588078078078077,0.5859298245614035,0.4422882314423477
synergy_wassenaar_2017,0.5097913027489197,0.41093350383631716,0.5236559681563964,0.5839560606060606,0.5348175426849682,0.39483051533047486,0.5456297918948521,0.7688461538461538,0.7346,0.482741935483871,0.7174222222222222,0.5041481481481481,0.5786008230452675,0.7562724358974359,0.6576884460920605,0.4002745098039216,0.5264702176403208,0.6619862466016312,0.681750007499175,0.5627387387387388,0.5479742063492063,0.5196241258741259,0.5756437768240343,0.6438611111111111,0.5228354978354979,0.577925925925926,0.5861403508771931,0.6704473182107271,0.4874949494949495,0.43416666666666665,0.5508600877192983,0.8164984984984986,0.6196491228070176,0.4740163104946723
synergy_wolters_2018,0.5297876252643192,0.438235294117647,0.474832468383131,0.5935560606060606,0.48861734181452965,0.3759000080899604,0.5560569550930996,0.8627435897435897,0.9175333333333334,0.5741935483870968,0.6903111111111111,0.5987407407407407,0.6414266117969821,0.6678173076923076,0.6157514674080939,0.6163921568627451,0.5313814432989691,0.7389093235247081,0.6258661547229805,0.5526966966966966,0.5104603174603175,0.5225524475524476,0.4728540772532189,0.6392083333333333,0.48993506493506495,0.5333086419753087,0.724859649122807,0.6200268532259203,0.6038585858585859,0.447675925925926,0.44339780701754383,0.6790510510510511,0.8149824561403508,0.4618429668432644
tech_forecasting,0.4349544911280684,0.4936061381074169,0.46742580742681517,0.5310015151515152,0.47924338801473054,0.48907855351508783,0.516276013143483,0.6824102564102564,0.5146000000000001,0.6314193548387097,0.619688888888889,0.6331851851851852,0.3323731138545954,0.6209423076923077,0.6515098856966327,0.34372549019607845,0.5528258877434136,0.45422996961458506,0.44066652668206496,0.5347147147147147,0.5181369047619048,0.544624125874126,0.516362660944206,0.4872916666666667,0.5764069264069264,0.5666913580246912,0.6276228070175439,0.46156632040138507,0.43123232323232324,0.5200046296296297,0.4437890350877192,0.4886066066066066,0.6032982456140352,0.618161795344961
