use_case,n_pos,n_neg,n_labels,auc,auc_sd,recall10,recall10_sd,auc_floor,recall10_floor,auc_gain,recall10_gain
synergy_brouwer_2019,2,10,12,0.9655066666666666,0.012288285297613978,0.9040000000000001,0.06499230723708768,0.9975999999999999,1.0,-0.03209333333333331,-0.09599999999999986
synergy_brouwer_2019,2,20,22,0.96316,0.013016884761297061,0.9039999999999999,0.06974238309665076,0.9975999999999999,1.0,-0.034439999999999915,-0.09600000000000009
synergy_brouwer_2019,2,50,52,0.9638933333333333,0.016524008122863015,0.9039999999999999,0.08979977728257459,0.9975999999999999,1.0,-0.03370666666666666,-0.09600000000000009
synergy_brouwer_2019,2,100,102,0.9705733333333333,0.010119692573283887,0.9279999999999999,0.046647615158762396,0.9975999999999999,1.0,-0.027026666666666643,-0.07200000000000006
synergy_brouwer_2019,3,10,13,0.9815466666666668,0.009059938680194748,0.96,0.02529822128134702,0.9975999999999999,1.0,-0.016053333333333142,-0.040000000000000036
synergy_brouwer_2019,3,20,23,0.9886133333333333,0.005293753131968129,1.0,0.0,0.9975999999999999,1.0,-0.008986666666666587,0.0
synergy_brouwer_2019,3,50,53,0.98704,0.006386875431521858,0.992,0.016000000000000014,0.9975999999999999,1.0,-0.010559999999999903,-0.008000000000000007
synergy_brouwer_2019,3,100,103,0.9862266666666667,0.008897500273172909,0.992,0.016000000000000014,0.9975999999999999,1.0,-0.011373333333333235,-0.008000000000000007
synergy_brouwer_2019,5,10,15,0.9869333333333333,0.011623348150262952,0.976,0.03199999999999999,0.9975999999999999,1.0,-0.010666666666666602,-0.02400000000000002
synergy_brouwer_2019,5,20,25,0.9895333333333334,0.005736743172063967,1.0,0.0,0.9975999999999999,1.0,-0.008066666666666555,0.0
synergy_brouwer_2019,5,50,55,0.9892666666666667,0.006679321322809193,1.0,0.0,0.9975999999999999,1.0,-0.008333333333333193,0.0
synergy_brouwer_2019,5,100,105,0.9917733333333333,0.004700562614080239,1.0,0.0,0.9975999999999999,1.0,-0.005826666666666647,0.0
synergy_brouwer_2019,10,10,20,0.9917333333333334,0.002416241341882521,0.992,0.016000000000000014,0.9975999999999999,1.0,-0.005866666666666576,-0.008000000000000007
synergy_brouwer_2019,10,20,30,0.9945066666666665,0.0019711699853414044,1.0,0.0,0.9975999999999999,1.0,-0.0030933333333333923,0.0
synergy_brouwer_2019,10,50,60,0.9946800000000001,0.002567973693184747,1.0,0.0,0.9975999999999999,1.0,-0.0029199999999998116,0.0
synergy_brouwer_2019,10,100,110,0.9958533333333334,0.001348183963708189,1.0,0.0,0.9975999999999999,1.0,-0.0017466666666665631,0.0
synergy_brouwer_2019,20,10,30,0.9908133333333332,0.00490884009834413,1.0,0.0,0.9975999999999999,1.0,-0.006786666666666719,0.0
synergy_brouwer_2019,20,20,40,0.9952799999999999,0.0013289260492760626,1.0,0.0,0.9975999999999999,1.0,-0.0023199999999999887,0.0
synergy_brouwer_2019,20,50,70,0.9953733333333332,0.001769168040508186,1.0,0.0,0.9975999999999999,1.0,-0.00222666666666671,0.0
synergy_brouwer_2019,20,100,120,0.99576,0.0006233957188032594,1.0,0.0,0.9975999999999999,1.0,-0.0018399999999999528,0.0
synergy_brouwer_2019,30,10,40,0.99576,0.0019810659308115318,1.0,0.0,0.9975999999999999,1.0,-0.0018399999999999528,0.0
synergy_brouwer_2019,30,20,50,0.9951333333333334,0.0019229606802474858,1.0,0.0,0.9975999999999999,1.0,-0.002466666666666506,0.0
synergy_brouwer_2019,30,50,80,0.9956800000000001,0.0013455440865645092,1.0,0.0,0.9975999999999999,1.0,-0.0019199999999998107,0.0
synergy_brouwer_2019,30,100,130,0.9970533333333333,0.0004224794538067715,1.0,0.0,0.9975999999999999,1.0,-0.0005466666666665843,0.0
synergy_leenaars_2020,2,10,12,0.7801898550724637,0.06564833968392207,0.29547826086956513,0.07954530518238993,0.8700942028985507,0.43043478260869567,-0.08990434782608692,-0.13495652173913053
synergy_leenaars_2020,2,20,22,0.777404347826087,0.07544560063876878,0.2798173913043477,0.07151079551533665,0.8700942028985507,0.43043478260869567,-0.09268985507246363,-0.15061739130434798
synergy_leenaars_2020,2,50,52,0.8178927536231886,0.03781298412630272,0.32608695652173914,0.05472046164366009,0.8700942028985507,0.43043478260869567,-0.05220144927536208,-0.10434782608695653
synergy_leenaars_2020,2,100,102,0.8160594202898551,0.03827023227560687,0.3234782608695652,0.05406710106681675,0.8700942028985507,0.43043478260869567,-0.05403478260869554,-0.10695652173913045
synergy_leenaars_2020,3,10,13,0.8316188405797101,0.02449382237613337,0.38473043478260865,0.023413992552723233,0.8700942028985507,0.43043478260869567,-0.03847536231884052,-0.04570434782608701
synergy_leenaars_2020,3,20,23,0.8364985507246377,0.009791943372459415,0.37452173913043474,0.020332491434635107,0.8700942028985507,0.43043478260869567,-0.033595652173912915,-0.055913043478260926
synergy_leenaars_2020,3,50,53,0.8446579710144928,0.016538938035120423,0.40608695652173915,0.04139349647099792,0.8700942028985507,0.43043478260869567,-0.02543623188405786,-0.024347826086956514
synergy_leenaars_2020,3,100,103,0.8531043478260869,0.03386963547957712,0.4071739130434782,0.07895704845639294,0.8700942028985507,0.43043478260869567,-0.016989855072463755,-0.023260869565217446
synergy_leenaars_2020,5,10,15,0.8469123188405797,0.03935445298774069,0.40994782608695646,0.07771546376448218,0.8700942028985507,0.43043478260869567,-0.023181884057970947,-0.020486956521739208
synergy_leenaars_2020,5,20,25,0.8567391304347826,0.026131849857589987,0.4264521739130435,0.0395034740402365,0.8700942028985507,0.43043478260869567,-0.013355072463768103,-0.003982608695652146
synergy_leenaars_2020,5,50,55,0.8675898550724638,0.02758454366016045,0.45325217391304334,0.05320081014776071,0.8700942028985507,0.43043478260869567,-0.0025043478260868834,0.02281739130434768
synergy_leenaars_2020,5,100,105,0.8789811594202899,0.023145184175430503,0.4689913043478261,0.05236589605786657,0.8700942028985507,0.43043478260869567,0.008886956521739209,0.038556521739130434
synergy_leenaars_2020,10,10,20,0.8452550724637682,0.027560213965512455,0.3893913043478261,0.03715150608706009,0.8700942028985507,0.43043478260869567,-0.024839130434782475,-0.04104347826086957
synergy_leenaars_2020,10,20,30,0.8728362318840579,0.021047822444557867,0.4382434782608695,0.04296709604051694,0.8700942028985507,0.43043478260869567,0.002742028985507239,0.007808695652173847
synergy_leenaars_2020,10,50,60,0.8867666666666668,0.02120180309611335,0.4893913043478261,0.07160783769713853,0.8700942028985507,0.43043478260869567,0.016672463768116152,0.05895652173913041
synergy_leenaars_2020,10,100,110,0.88213768115942,0.01562839377132073,0.45658260869565226,0.03828477119043511,0.8700942028985507,0.43043478260869567,0.012043478260869378,0.026147826086956594
synergy_leenaars_2020,20,10,30,0.8752072463768116,0.01342856163521776,0.47639130434782606,0.029765904550744102,0.8700942028985507,0.43043478260869567,0.005113043478260915,0.045956521739130396
synergy_leenaars_2020,20,20,40,0.8926391304347827,0.025119558434037518,0.5078260869565218,0.08135896793541612,0.8700942028985507,0.43043478260869567,0.02254492753623205,0.0773913043478261
synergy_leenaars_2020,20,50,70,0.905586956521739,0.006838480702281726,0.5367999999999999,0.03645540145021082,0.8700942028985507,0.43043478260869567,0.03549275362318838,0.10636521739130428
synergy_leenaars_2020,20,100,120,0.9123275362318841,0.007517467441910225,0.5605130434782609,0.035110243874868524,0.8700942028985507,0.43043478260869567,0.042233333333333456,0.13007826086956525
synergy_leenaars_2020,30,10,40,0.8800985507246377,0.0098919796977069,0.490304347826087,0.027183699107451564,0.8700942028985507,0.43043478260869567,0.010004347826087057,0.05986956521739134
synergy_leenaars_2020,30,20,50,0.8960826086956521,0.016366678024217755,0.5070173913043478,0.05171025573524228,0.8700942028985507,0.43043478260869567,0.025988405797101488,0.07658260869565209
synergy_leenaars_2020,30,50,80,0.9033710144927536,0.011773388374126795,0.5342086956521739,0.02528540154300354,0.8700942028985507,0.43043478260869567,0.033276811594202926,0.10377391304347822
synergy_leenaars_2020,30,100,130,0.9082231884057972,0.016046234789310387,0.553104347826087,0.04448299605038035,0.8700942028985507,0.43043478260869567,0.03812898550724653,0.12266956521739131
synergy_moran_2021,2,10,12,0.5495530303030304,0.04628980926391493,0.1409090909090909,0.009090909090909094,0.48750000000000004,0.13636363636363635,0.06205303030303033,0.004545454545454547
synergy_moran_2021,2,20,22,0.5590454545454545,0.04148722656264726,0.16363636363636364,0.022268088570756173,0.48750000000000004,0.13636363636363635,0.07154545454545447,0.027272727272727282
synergy_moran_2021,2,50,52,0.5536060606060607,0.03740781752192851,0.15,0.030828772650569405,0.48750000000000004,0.13636363636363635,0.06610606060606061,0.013636363636363641
synergy_moran_2021,2,100,102,0.5507272727272727,0.036934622271170565,0.13636363636363635,0.028747978728803445,0.48750000000000004,0.13636363636363635,0.06322727272727269,0.0
synergy_moran_2021,3,10,13,0.5613030303030303,0.040826316370158704,0.1590909090909091,0.051826155686324454,0.48750000000000004,0.13636363636363635,0.07380303030303026,0.022727272727272735
synergy_moran_2021,3,20,23,0.5721515151515152,0.03663924437880968,0.1681818181818182,0.044536177141512326,0.48750000000000004,0.13636363636363635,0.08465151515151514,0.03181818181818186
synergy_moran_2021,3,50,53,0.572310606060606,0.038047963121622126,0.18073636363636494,0.04550601086442732,0.48750000000000004,0.13636363636363635,0.08481060606060598,0.04437272727272859
synergy_moran_2021,3,100,103,0.5710530303030302,0.043690198536027965,0.17329090909091036,0.04985050046583702,0.48750000000000004,0.13636363636363635,0.08355303030303018,0.036927272727274
synergy_moran_2021,5,10,15,0.5859166666666666,0.041930147649513555,0.18636363636363637,0.05995866344669509,0.48750000000000004,0.13636363636363635,0.0984166666666666,0.05000000000000002
synergy_moran_2021,5,20,25,0.6135757575757574,0.03029453100504157,0.20454545454545453,0.038030001206094344,0.48750000000000004,0.13636363636363635,0.1260757575757574,0.06818181818181818
synergy_moran_2021,5,50,55,0.6136590909090909,0.03248428489165098,0.19090909090909092,0.027272727272727275,0.48750000000000004,0.13636363636363635,0.12615909090909083,0.054545454545454564
synergy_moran_2021,5,100,105,0.6052727272727273,0.029809931261855483,0.19545454545454546,0.0549229362436117,0.48750000000000004,0.13636363636363635,0.11777272727272725,0.05909090909090911
synergy_moran_2021,10,10,20,0.5860833333333334,0.04361306854000013,0.1898272727272739,0.07429817300847084,0.48750000000000004,0.13636363636363635,0.09858333333333336,0.053463636363637546
synergy_moran_2021,10,20,30,0.5864848484848485,0.03187849982586766,0.16818181818181818,0.053008653589502734,0.48750000000000004,0.13636363636363635,0.09898484848484845,0.03181818181818183
synergy_moran_2021,10,50,60,0.6164999999999999,0.04314629453225495,0.19545454545454546,0.07272727272727274,0.48750000000000004,0.13636363636363635,0.1289999999999999,0.05909090909090911
synergy_moran_2021,10,100,110,0.6209772727272727,0.04761940311260461,0.2385727272727284,0.050705922519096315,0.48750000000000004,0.13636363636363635,0.1334772727272726,0.10220909090909205
synergy_moran_2021,20,10,30,0.581780303030303,0.011405855913855817,0.1590909090909091,0.04979295977319692,0.48750000000000004,0.13636363636363635,0.09428030303030299,0.022727272727272735
synergy_moran_2021,20,20,40,0.6137878787878789,0.0457935151355133,0.17272727272727273,0.03082877265056941,0.48750000000000004,0.13636363636363635,0.12628787878787884,0.036363636363636376
synergy_moran_2021,20,50,70,0.6076136363636364,0.027202065446481037,0.1954545454545455,0.05102260072873556,0.48750000000000004,0.13636363636363635,0.12011363636363637,0.05909090909090914
synergy_moran_2021,20,100,120,0.6312424242424243,0.031398141976225674,0.20909090909090913,0.03636363636363636,0.48750000000000004,0.13636363636363635,0.14374242424242423,0.07272727272727278
synergy_moran_2021,30,10,40,0.5981515151515151,0.014417811145833312,0.1545454545454545,0.03340213285613425,0.48750000000000004,0.13636363636363635,0.11065151515151506,0.01818181818181816
synergy_moran_2021,30,20,50,0.6119621212121211,0.03814159888699696,0.15,0.0549229362436117,0.48750000000000004,0.13636363636363635,0.12446212121212108,0.013636363636363641
synergy_moran_2021,30,50,80,0.6621666666666668,0.04248435540932043,0.17727272727272728,0.026504326794751374,0.48750000000000004,0.13636363636363635,0.17466666666666675,0.04090909090909092
synergy_moran_2021,30,100,130,0.6752803030303032,0.04264313524438694,0.21363636363636362,0.04215281134316229,0.48750000000000004,0.13636363636363635,0.18778030303030313,0.07727272727272727
synergy_muthu_2021,2,10,12,0.6836865671641791,0.04890728487959847,0.22583681592039775,0.09147204039435541,0.7283955223880596,0.20535820895522325,-0.04470895522388052,0.020478606965174506
synergy_muthu_2021,2,20,22,0.6921417910447761,0.0417086418109345,0.22061492537313415,0.07824867078640775,0.7283955223880596,0.20535820895522325,-0.03625373134328347,0.015256716417910904
synergy_muthu_2021,2,50,52,0.6940771144278607,0.028878327266280045,0.2282248756218904,0.07669504205620489,0.7283955223880596,0.20535820895522325,-0.034318407960198916,0.022866666666667146
synergy_muthu_2021,2,100,102,0.6940746268656717,0.03639533919108037,0.2280487562189053,0.08559831766645323,0.7283955223880596,0.20535820895522325,-0.03432089552238793,0.022690547263682054
synergy_muthu_2021,3,10,13,0.6982114427860695,0.03232919255365048,0.25074626865671645,0.043922205879290036,0.7283955223880596,0.20535820895522325,-0.0301840796019901,0.045388059701493205
synergy_muthu_2021,3,20,23,0.7340796019900496,0.022142027055906625,0.27228159203980073,0.04015610705531932,0.7283955223880596,0.20535820895522325,0.005684079601990022,0.06692338308457749
synergy_muthu_2021,3,50,53,0.7228308457711442,0.014406276959068539,0.2701492537313433,0.0493666728613171,0.7283955223880596,0.20535820895522325,-0.005564676616915398,0.06479104477612005
synergy_muthu_2021,3,100,103,0.7181741293532339,0.014449146675753309,0.2655343283582086,0.06242555885418596,0.7283955223880596,0.20535820895522325,-0.010221393034825721,0.06017611940298537
synergy_muthu_2021,5,10,15,0.7313830845771144,0.029807220962783786,0.2671641791044776,0.047527412919673606,0.7283955223880596,0.20535820895522325,0.0029875621890548265,0.06180597014925435
synergy_muthu_2021,5,20,25,0.7272810945273631,0.03990688463909433,0.24840099502487534,0.060289010269601505,0.7283955223880596,0.20535820895522325,-0.0011144278606964875,0.04304278606965209
synergy_muthu_2021,5,50,55,0.7429950248756219,0.021056897876808735,0.2781472636815916,0.047142626076474604,0.7283955223880596,0.20535820895522325,0.014599502487562255,0.07278905472636835
synergy_muthu_2021,5,100,105,0.7407960199004975,0.019818356597765173,0.2687860696517412,0.03214896886533058,0.7283955223880596,0.20535820895522325,0.01240049751243788,0.06342786069651793
synergy_muthu_2021,10,10,20,0.7356380597014924,0.02710187463301299,0.2879552238805969,0.031205796538155466,0.7283955223880596,0.20535820895522325,0.007242537313432829,0.08259701492537366
synergy_muthu_2021,10,20,30,0.7522462686567163,0.012040349890863583,0.2908358208955221,0.05479885204356424,0.7283955223880596,0.20535820895522325,0.023850746268656686,0.08547761194029888
synergy_muthu_2021,10,50,60,0.7475721393034827,0.014653792438507868,0.31343283582089554,0.05799808724694164,0.7283955223880596,0.20535820895522325,0.01917661691542305,0.10807462686567229
synergy_muthu_2021,10,100,110,0.7599651741293532,0.015999945855208985,0.33123880597014915,0.04008232784062883,0.7283955223880596,0.20535820895522325,0.03156965174129356,0.1258805970149259
synergy_muthu_2021,20,10,30,0.7255746268656715,0.025577245071719004,0.3101094527363183,0.018790496147696387,0.7283955223880596,0.20535820895522325,-0.002820895522388067,0.10475124378109504
synergy_muthu_2021,20,20,40,0.771026119402985,0.010250914495249272,0.3222507462686564,0.03442478153198896,0.7283955223880596,0.20535820895522325,0.04263059701492544,0.11689253731343316
synergy_muthu_2021,20,50,70,0.7908258706467662,0.021288458676242374,0.3397263681592039,0.031244375251820913,0.7283955223880596,0.20535820895522325,0.062430348258706636,0.13436815920398062
synergy_muthu_2021,20,100,120,0.7907761194029851,0.026545534312681373,0.3180109452736318,0.039042547189917794,0.7283955223880596,0.20535820895522325,0.06238059701492549,0.11265273631840853
synergy_muthu_2021,30,10,40,0.7273308457711444,0.048431373286004935,0.2582089552238806,0.05516333914201889,0.7283955223880596,0.20535820895522325,-0.0010646766169152277,0.05285074626865735
synergy_muthu_2021,30,20,50,0.7616616915422885,0.010143104907469471,0.29752537313432825,0.03486510477968939,0.7283955223880596,0.20535820895522325,0.033266169154228864,0.092167164179105
synergy_muthu_2021,30,50,80,0.7799203980099502,0.013354089250503102,0.3134328358208955,0.024974926165196292,0.7283955223880596,0.20535820895522325,0.051524875621890565,0.10807462686567224
synergy_muthu_2021,30,100,130,0.7789303482587064,0.031057234352858516,0.32269353233830833,0.040429808772614345,0.7283955223880596,0.20535820895522325,0.05053482587064684,0.11733532338308508
synergy_nelson_2002,2,10,12,0.6573198198198198,0.04819813241975813,0.21375000000000002,0.04470388685561917,0.7131193693693694,0.21875,-0.055799549549549576,-0.004999999999999977
synergy_nelson_2002,2,20,22,0.684572072072072,0.05101320277136228,0.226875,0.05921359641163507,0.7131193693693694,0.21875,-0.028547297297297325,0.008124999999999993
synergy_nelson_2002,2,50,52,0.6642454954954955,0.0652151491955935,0.2225,0.05359716643629587,0.7131193693693694,0.21875,-0.048873873873873874,0.0037500000000000033
synergy_nelson_2002,2,100,102,0.6801801801801802,0.06354560199886583,0.23312499999999997,0.04887803699004288,0.7131193693693694,0.21875,-0.032939189189189144,0.014374999999999971
synergy_nelson_2002,3,10,13,0.6978603603603604,0.08256017645808932,0.21625,0.0389009157989886,0.7131193693693694,0.21875,-0.015259009009009006,-0.0025000000000000022
synergy_nelson_2002,3,20,23,0.7498310810810811,0.07137134724134667,0.225,0.08477912478906587,0.7131193693693694,0.21875,0.036711711711711725,0.0062500000000000056
synergy_nelson_2002,3,50,53,0.7369932432432431,0.05927195601209086,0.226875,0.06457795676544745,0.7131193693693694,0.21875,0.02387387387387374,0.008124999999999993
synergy_nelson_2002,3,100,103,0.748141891891892,0.05104613091243816,0.21000000000000002,0.06121810393992941,0.7131193693693694,0.21875,0.03502252252252258,-0.00874999999999998
synergy_nelson_2002,5,10,15,0.7041103603603605,0.026465161943365845,0.21625,0.022308210371968434,0.7131193693693694,0.21875,-0.009009009009008917,-0.0025000000000000022
synergy_nelson_2002,5,20,25,0.7625563063063063,0.021492936544858645,0.2225,0.030323773676770516,0.7131193693693694,0.21875,0.04943693693693696,0.0037500000000000033
synergy_nelson_2002,5,50,55,0.74115990990991,0.023699270144993997,0.24312500000000004,0.04336437189675413,0.7131193693693694,0.21875,0.028040540540540615,0.024375000000000036
synergy_nelson_2002,5,100,105,0.747804054054054,0.021602404419752738,0.24312500000000004,0.020860399085348286,0.7131193693693694,0.21875,0.034684684684684663,0.024375000000000036
synergy_nelson_2002,10,10,20,0.8040540540540541,0.015483722350261284,0.24562499999999998,0.05411215205478341,0.7131193693693694,0.21875,0.09093468468468469,0.026874999999999982
synergy_nelson_2002,10,20,30,0.7882882882882883,0.05410652248953952,0.24500000000000002,0.05767635997529664,0.7131193693693694,0.21875,0.07516891891891897,0.026250000000000023
synergy_nelson_2002,10,50,60,0.7824324324324323,0.03831618287009549,0.26375000000000004,0.055537149728807654,0.7131193693693694,0.21875,0.06931306306306295,0.04500000000000004
synergy_nelson_2002,10,100,110,0.8131193693693692,0.033129168395166685,0.27625,0.03860861302870126,0.7131193693693694,0.21875,0.09999999999999987,0.057499999999999996
synergy_nelson_2002,20,10,30,0.7844031531531532,0.01751424831856718,0.293125,0.010345590848279277,0.7131193693693694,0.21875,0.07128378378378386,0.07437500000000002
synergy_nelson_2002,20,20,40,0.804222972972973,0.030312253034629227,0.25375000000000003,0.04028220761080504,0.7131193693693694,0.21875,0.09110360360360359,0.03500000000000003
synergy_nelson_2002,20,50,70,0.8212837837837839,0.022715529990188825,0.271875,0.015309310892394862,0.7131193693693694,0.21875,0.10816441441441449,0.05312499999999998
synergy_nelson_2002,20,100,120,0.8363175675675677,0.013642635743269604,0.26812500000000006,0.027908891952207623,0.7131193693693694,0.21875,0.12319819819819833,0.04937500000000006
synergy_nelson_2002,30,10,40,0.7709459459459459,0.03178220419942656,0.2475,0.050675129501561215,0.7131193693693694,0.21875,0.05782657657657653,0.028749999999999998
synergy_nelson_2002,30,20,50,0.818918918918919,0.03160955998627265,0.26812500000000006,0.029934825037070113,0.7131193693693694,0.21875,0.10579954954954962,0.04937500000000006
synergy_nelson_2002,30,50,80,0.849268018018018,0.004256995083656708,0.271875,0.024999999999999998,0.7131193693693694,0.21875,0.13614864864864862,0.05312499999999998
synergy_nelson_2002,30,100,130,0.8457770270270271,0.007305512698370791,0.27625,0.03860861302870126,0.7131193693693694,0.21875,0.1326576576576577,0.057499999999999996
synergy_sep_2021,2,10,12,0.636820652173913,0.05467564177403544,0.2875,0.08477912478906585,0.6175271739130435,0.30000000000000004,0.01929347826086958,-0.012500000000000067
synergy_sep_2021,2,20,22,0.6202445652173914,0.056252297264578775,0.225,0.06373774391990981,0.6175271739130435,0.30000000000000004,0.0027173913043478937,-0.07500000000000004
synergy_sep_2021,2,50,52,0.6595108695652174,0.05829010207168463,0.26,0.08344159634139317,0.6175271739130435,0.30000000000000004,0.04198369565217397,-0.040000000000000036
synergy_sep_2021,2,100,102,0.6589673913043479,0.05846339666834285,0.28250000000000003,0.09733961166965893,0.6175271739130435,0.30000000000000004,0.041440217391304435,-0.017500000000000016
synergy_sep_2021,3,10,13,0.6403532608695652,0.0676496734651638,0.2475,0.11467344941179715,0.6175271739130435,0.30000000000000004,0.022826086956521774,-0.05250000000000005
synergy_sep_2021,3,20,23,0.6572010869565217,0.046697640204421735,0.2225,0.08418729120241368,0.6175271739130435,0.30000000000000004,0.039673913043478226,-0.07750000000000004
synergy_sep_2021,3,50,53,0.6710597826086956,0.03659762189868271,0.26,0.07132671308843552,0.6175271739130435,0.30000000000000004,0.05353260869565213,-0.040000000000000036
synergy_sep_2021,3,100,103,0.674320652173913,0.012508857920091203,0.23500000000000001,0.049623583103198005,0.6175271739130435,0.30000000000000004,0.056793478260869557,-0.06500000000000003
synergy_sep_2021,5,10,15,0.6902173913043479,0.048975277437647236,0.275,0.05,0.6175271739130435,0.30000000000000004,0.07269021739130443,-0.025000000000000022
synergy_sep_2021,5,20,25,0.7077445652173913,0.02421910729811442,0.3,0.046770717334674264,0.6175271739130435,0.30000000000000004,0.0902173913043478,-5.551115123125783e-17
synergy_sep_2021,5,50,55,0.7226902173913043,0.029944986380983352,0.2975,0.024238399287081644,0.6175271739130435,0.30000000000000004,0.10516304347826089,-0.0025000000000000577
synergy_sep_2021,5,100,105,0.7354619565217392,0.04782454295926685,0.3,0.06123724356957945,0.6175271739130435,0.30000000000000004,0.11793478260869572,-5.551115123125783e-17
synergy_sep_2021,10,10,20,0.7608695652173914,0.021171251283459216,0.3925,0.05396758286230724,0.6175271739130435,0.30000000000000004,0.1433423913043479,0.09249999999999997
synergy_sep_2021,10,20,30,0.7449728260869565,0.04596248701566753,0.2975,0.04962358310319801,0.6175271739130435,0.30000000000000004,0.12744565217391302,-0.0025000000000000577
synergy_sep_2021,10,50,60,0.7527173913043479,0.024946036986707047,0.3725,0.07088723439378912,0.6175271739130435,0.30000000000000004,0.13519021739130443,0.07249999999999995
synergy_sep_2021,10,100,110,0.7804347826086956,0.018006690496771,0.3925,0.08895223437328599,0.6175271739130435,0.30000000000000004,0.16290760869565213,0.09249999999999997
synergy_sep_2021,20,10,30,0.7649456521739131,0.025556483738155413,0.37,0.04373213921133974,0.6175271739130435,0.30000000000000004,0.14741847826086962,0.06999999999999995
synergy_sep_2021,20,20,40,0.7436141304347826,0.05188830055876881,0.4175000000000001,0.02179449471770338,0.6175271739130435,0.30000000000000004,0.12608695652173918,0.11750000000000005
synergy_sep_2021,20,50,70,0.7783967391304348,0.02195208198763122,0.425,0.046770717334674264,0.6175271739130435,0.30000000000000004,0.16086956521739137,0.12499999999999994
synergy_sep_2021,20,100,120,0.7921195652173914,0.022046904212376796,0.4675000000000001,0.0465026880943457,0.6175271739130435,0.30000000000000004,0.1745923913043479,0.16750000000000004
synergy_van_der_valk_2021,2,10,12,0.7243832472748136,0.12483619336779317,0.26742857142857146,0.12326973907422929,0.8805507745266782,0.42857142857142855,-0.15616752725186456,-0.1611428571428571
synergy_van_der_valk_2021,2,20,22,0.7369592656339644,0.1190455834870108,0.2457142857142857,0.13950349275124233,0.8805507745266782,0.42857142857142855,-0.14359150889271377,-0.18285714285714286
synergy_van_der_valk_2021,2,50,52,0.7576133103843947,0.08606083301538231,0.248,0.10352797117845271,0.8805507745266782,0.42857142857142855,-0.12293746414228346,-0.18057142857142855
synergy_van_der_valk_2021,2,100,102,0.7533907056798623,0.10270334371439561,0.26857142857142857,0.11513966674062792,0.8805507745266782,0.42857142857142855,-0.12716006884681585,-0.15999999999999998
synergy_van_der_valk_2021,3,10,13,0.7764773379231211,0.13467062118537998,0.31085714285714283,0.11189499450787942,0.8805507745266782,0.42857142857142855,-0.10407343660355706,-0.11771428571428572
synergy_van_der_valk_2021,3,20,23,0.797819850831899,0.05299316908070108,0.3108571428571429,0.08579805430456439,0.8805507745266782,0.42857142857142855,-0.08273092369477919,-0.11771428571428566
synergy_van_der_valk_2021,3,50,53,0.8183132530120482,0.02233753539202788,0.3028571428571428,0.07362342129557214,0.8805507745266782,0.42857142857142855,-0.06223752151463002,-0.12571428571428572
synergy_van_der_valk_2021,3,100,103,0.818037865748709,0.024875463872686982,0.3017142857142857,0.05707424452198295,0.8805507745266782,0.42857142857142855,-0.06251290877796922,-0.12685714285714284
synergy_van_der_valk_2021,5,10,15,0.8245553643144005,0.032666103175846006,0.31885714285714284,0.05077682260919558,0.8805507745266782,0.42857142857142855,-0.05599541021227772,-0.10971428571428571
synergy_van_der_valk_2021,5,20,25,0.8399311531841652,0.01978778802395836,0.34285714285714286,0.06761234037828133,0.8805507745266782,0.42857142857142855,-0.04061962134251296,-0.08571428571428569
synergy_van_der_valk_2021,5,50,55,0.8391049913941482,0.019981845245698186,0.3302857142857143,0.030107291136730285,0.8805507745266782,0.42857142857142855,-0.04144578313253,-0.09828571428571425
synergy_van_der_valk_2021,5,100,105,0.8373149741824442,0.027487751636746265,0.3165714285714286,0.0519465973822332,0.8805507745266782,0.42857142857142855,-0.04323580034423402,-0.11199999999999993
synergy_van_der_valk_2021,10,10,20,0.8432587492828455,0.02104906874181093,0.3348571428571429,0.09633953561466328,0.8805507745266782,0.42857142857142855,-0.03729202524383268,-0.09371428571428564
synergy_van_der_valk_2021,10,20,30,0.8467240390131957,0.011062578644395726,0.37942857142857145,0.03515098628395361,0.8805507745266782,0.42857142857142855,-0.033826735513482475,-0.0491428571428571
synergy_van_der_valk_2021,10,50,60,0.8566609294320138,0.011549359737079318,0.36114285714285715,0.05775670294168358,0.8805507745266782,0.42857142857142855,-0.023889845094664408,-0.0674285714285714
synergy_van_der_valk_2021,10,100,110,0.8530579460699943,0.01475040239858845,0.3451428571428572,0.05440288107616871,0.8805507745266782,0.42857142857142855,-0.027492828456683882,-0.08342857142857135
synergy_van_der_valk_2021,20,10,30,0.8618014916810097,0.009733055837843884,0.35428571428571426,0.022857142857142864,0.8805507745266782,0.42857142857142855,-0.018749282845668458,-0.07428571428571429
synergy_van_der_valk_2021,20,20,40,0.8691910499139415,0.013647963588476373,0.4102857142857143,0.06648246661599538,0.8805507745266782,0.42857142857142855,-0.01135972461273671,-0.01828571428571424
synergy_van_der_valk_2021,20,50,70,0.8690763052208835,0.01254364717010701,0.41257142857142864,0.07635791126166891,0.8805507745266782,0.42857142857142855,-0.011474469305794655,-0.015999999999999903
synergy_van_der_valk_2021,20,100,120,0.8728628800917958,0.012551202320501262,0.41257142857142864,0.03359300218674069,0.8805507745266782,0.42857142857142855,-0.007687894434882381,-0.015999999999999903
synergy_van_der_valk_2021,30,10,40,0.8579001721170396,0.010797859718085737,0.3771428571428571,0.027994168488950616,0.8805507745266782,0.42857142857142855,-0.022650602409638565,-0.051428571428571435
synergy_van_der_valk_2021,30,20,50,0.8509007458405048,0.009955079223431335,0.3017142857142857,0.025401269452448978,0.8805507745266782,0.42857142857142855,-0.02965002868617339,-0.12685714285714284
synergy_van_der_valk_2021,30,50,80,0.8587263339070568,0.005038010761908602,0.3485714285714286,0.03331972511340173,0.8805507745266782,0.42857142857142855,-0.02182444061962141,-0.07999999999999996
synergy_van_der_valk_2021,30,100,130,0.8639127940332759,0.01725372571550843,0.38742857142857146,0.044907160467173725,0.8805507745266782,0.42857142857142855,-0.01663798049340226,-0.04114285714285709
synergy_van_dis_2020,2,10,12,0.821183908045977,0.10541317583857916,0.5931034482758621,0.12413793103448276,0.8970114942528735,0.5862068965517241,-0.07582758620689656,0.006896551724138056
synergy_van_dis_2020,2,20,22,0.8452758620689655,0.06494575721809333,0.5724137931034483,0.10367790605774418,0.8970114942528735,0.5862068965517241,-0.051735632183907976,-0.013793103448275779
synergy_van_dis_2020,2,50,52,0.8287011494252873,0.08607146910348352,0.5724137931034483,0.1036779060577442,0.8970114942528735,0.5862068965517241,-0.06831034482758624,-0.013793103448275779
synergy_van_dis_2020,2,100,102,0.8420919540229885,0.058310216811422184,0.5517241379310345,0.09506240518682912,0.8970114942528735,0.5862068965517241,-0.05491954022988499,-0.03448275862068961
synergy_van_dis_2020,3,10,13,0.891367816091954,0.012589770135405963,0.6068965517241379,0.056027851066454915,0.8970114942528735,0.5862068965517241,-0.005643678160919485,0.020689655172413834
synergy_van_dis_2020,3,20,23,0.8785229885057472,0.01858579816012156,0.6137931034482759,0.09850246108334966,0.8970114942528735,0.5862068965517241,-0.01848850574712635,0.02758620689655178
synergy_van_dis_2020,3,50,53,0.8926206896551724,0.02253983423545093,0.611255172413795,0.08240317230655331,0.8970114942528735,0.5862068965517241,-0.004390804597701137,0.025048275862070923
synergy_van_dis_2020,3,100,103,0.8847816091954023,0.014715400244637878,0.586206896551724,0.06542643434831129,0.8970114942528735,0.5862068965517241,-0.012229885057471246,-1.1102230246251565e-16
synergy_van_dis_2020,5,10,15,0.8893218390804598,0.02460147140511323,0.6344827586206897,0.05160906740377852,0.8970114942528735,0.5862068965517241,-0.007689655172413712,0.048275862068965614
synergy_van_dis_2020,5,20,25,0.8932758620689656,0.023042580080431817,0.6275862068965516,0.08831895499907376,0.8970114942528735,0.5862068965517241,-0.003735632183907933,0.04137931034482756
synergy_van_dis_2020,5,50,55,0.8961034482758622,0.018747454136405967,0.6049747126436802,0.05498068141004122,0.8970114942528735,0.5862068965517241,-0.0009080459770113292,0.018767816091956102
synergy_van_dis_2020,5,100,105,0.897873563218391,0.012415761870275823,0.6413793103448275,0.08042692268752137,0.8970114942528735,0.5862068965517241,0.0008620689655174374,0.05517241379310345
synergy_van_dis_2020,10,10,20,0.8980229885057472,0.03317307094242391,0.6206896551724139,0.08992003317520895,0.8970114942528735,0.5862068965517241,0.0010114942528737236,0.034482758620689835
synergy_van_dis_2020,10,20,30,0.8985057471264369,0.03884050743535555,0.6206896551724139,0.13443854268702018,0.8970114942528735,0.5862068965517241,0.0014942528735634175,0.034482758620689835
synergy_van_dis_2020,10,50,60,0.9061264367816092,0.027967494296371936,0.6551724137931034,0.12528208361782725,0.8970114942528735,0.5862068965517241,0.009114942528735681,0.06896551724137934
synergy_van_dis_2020,10,100,110,0.9116091954022989,0.02448402673311811,0.6689655172413793,0.12064038403128209,0.8970114942528735,0.5862068965517241,0.01459770114942538,0.08275862068965523
synergy_van_dis_2020,20,10,30,0.9082988505747126,0.013453118295084656,0.6482758620689655,0.1054969554536438,0.8970114942528735,0.5862068965517241,0.011287356321839082,0.06206896551724139
synergy_van_dis_2020,20,20,40,0.928344827586207,0.007017464953558497,0.7172413793103448,0.05517241379310346,0.8970114942528735,0.5862068965517241,0.031333333333333435,0.13103448275862073
synergy_van_dis_2020,20,50,70,0.9304827586206896,0.005039492599976065,0.7328551724137972,0.02154170139356857,0.8970114942528735,0.5862068965517241,0.03347126436781611,0.14664827586207307
synergy_van_dis_2020,20,100,120,0.9368390804597702,0.007413481237314759,0.7517241379310344,0.025804533701889256,0.8970114942528735,0.5862068965517241,0.03982758620689664,0.16551724137931034
synergy_van_dis_2020,30,10,40,0.9311724137931033,0.006008053783510661,0.710344827586207,0.041379310344827565,0.8970114942528735,0.5862068965517241,0.03416091954022982,0.1241379310344829
synergy_van_dis_2020,30,20,50,0.9239885057471264,0.010221137936715436,0.6965517241379311,0.04574654883248825,0.8970114942528735,0.5862068965517241,0.02697701149425291,0.110344827586207
synergy_van_dis_2020,30,50,80,0.939632183908046,0.00504224458089142,0.721600000000002,0.03125720539999245,0.8970114942528735,0.5862068965517241,0.04262068965517252,0.13539310344827793
synergy_van_dis_2020,30,100,130,0.9461724137931036,0.0023872652847350875,0.7724137931034483,0.04137931034482758,0.8970114942528735,0.5862068965517241,0.04916091954023005,0.18620689655172418
