use_case,n_pos,n_neg,policy,auc,auc_sd,auc_gain
synergy_brouwer_2019,10,10,hard,0.62192,0.17836859414644096,-0.3756799999999999
synergy_brouwer_2019,10,10,mixed,0.9609066666666667,0.025269484451496908,-0.036693333333333245
synergy_brouwer_2019,10,10,random,0.99236,0.003962176730591933,-0.005239999999999911
synergy_brouwer_2019,10,10,easy,0.9938800000000001,0.0012281150868980917,-0.0037199999999998346
synergy_brouwer_2019,10,20,hard,0.8398533333333333,0.18056510503293696,-0.1577466666666666
synergy_brouwer_2019,10,20,mixed,0.97484,0.0207734274709035,-0.02275999999999989
synergy_brouwer_2019,10,20,random,0.9925466666666665,0.0032439756130060366,-0.005053333333333465
synergy_brouwer_2019,10,20,easy,0.99556,0.0010820556568145918,-0.0020399999999999308
synergy_brouwer_2019,10,50,hard,0.9749066666666666,0.03704941085151617,-0.022693333333333343
synergy_brouwer_2019,10,50,mixed,0.9948666666666666,0.004052105077062507,-0.0027333333333333654
synergy_brouwer_2019,10,50,random,0.9946266666666667,0.0022523469241363765,-0.0029733333333332723
synergy_brouwer_2019,10,50,easy,0.9965733333333333,0.0011505361069229071,-0.0010266666666666202
synergy_brouwer_2019,20,10,hard,0.6926133333333333,0.06690248160154033,-0.30498666666666663
synergy_brouwer_2019,20,10,mixed,0.9823999999999999,0.005275351489079498,-0.015199999999999991
synergy_brouwer_2019,20,10,random,0.9947600000000001,0.001194505941569325,-0.0028399999999998427
synergy_brouwer_2019,20,10,easy,0.9946666666666667,0.000727858350077658,-0.0029333333333332323
synergy_brouwer_2019,20,20,hard,0.9175066666666666,0.04357268461369399,-0.08009333333333335
synergy_brouwer_2019,20,20,mixed,0.9933333333333334,0.0012336035739968292,-0.00426666666666653
synergy_brouwer_2019,20,20,random,0.9956266666666667,0.0018444390896843257,-0.0019733333333332714
synergy_brouwer_2019,20,20,easy,0.99612,0.0006302027892318088,-0.0014799999999999258
synergy_brouwer_2019,20,50,hard,0.9949999999999999,0.002696170123217976,-0.0026000000000000467
synergy_brouwer_2019,20,50,mixed,0.9979066666666666,0.0006089699864890513,0.0003066666666666773
synergy_brouwer_2019,20,50,random,0.9948933333333333,0.001323026832683295,-0.002706666666666635
synergy_brouwer_2019,20,50,easy,0.9973733333333333,0.0005474790711372769,-0.0002266666666665973
synergy_leenaars_2020,10,10,hard,0.5942014492753624,0.06047897602177742,-0.2758927536231882
synergy_leenaars_2020,10,10,mixed,0.7783239130434783,0.05319805087686246,-0.0917702898550724
synergy_leenaars_2020,10,10,random,0.8571260869565218,0.030761756222178135,-0.012968115942028846
synergy_leenaars_2020,10,10,easy,0.8723623188405798,0.01953311483325862,0.0022681159420291364
synergy_leenaars_2020,10,20,hard,0.5525492753623188,0.06461806119985583,-0.31754492753623187
synergy_leenaars_2020,10,20,mixed,0.8234478260869565,0.04349445577610811,-0.046646376811594115
synergy_leenaars_2020,10,20,random,0.8708159420289855,0.023670159845864052,0.0007217391304348286
synergy_leenaars_2020,10,20,easy,0.8761782608695652,0.019108361551986287,0.006084057971014523
synergy_leenaars_2020,10,50,hard,0.6130478260869566,0.08842812602311367,-0.25704637681159404
synergy_leenaars_2020,10,50,mixed,0.8126159420289856,0.046185458721912626,-0.05747826086956509
synergy_leenaars_2020,10,50,random,0.891155072463768,0.014788481072874364,0.021060869565217355
synergy_leenaars_2020,10,50,easy,0.8827913043478262,0.019186107726129286,0.012697101449275494
synergy_leenaars_2020,20,10,hard,0.6023768115942029,0.030258875704761327,-0.2677173913043478
synergy_leenaars_2020,20,10,mixed,0.8348637681159421,0.06567089303471114,-0.035230434782608566
synergy_leenaars_2020,20,10,random,0.8803115942028985,0.02403995615019761,0.010217391304347845
synergy_leenaars_2020,20,10,easy,0.8797536231884058,0.007861357718586776,0.009659420289855114
synergy_leenaars_2020,20,20,hard,0.5508057971014493,0.030913541310191285,-0.3192884057971014
synergy_leenaars_2020,20,20,mixed,0.8440666666666667,0.022876593031232923,-0.02602753623188392
synergy_leenaars_2020,20,20,random,0.8912927536231884,0.014670654209613096,0.02119855072463772
synergy_leenaars_2020,20,20,easy,0.8851985507246377,0.008279558823265767,0.01510434782608705
synergy_leenaars_2020,20,50,hard,0.6150427536231884,0.05540508982174696,-0.2550514492753623
synergy_leenaars_2020,20,50,mixed,0.8524826086956523,0.028385633038404617,-0.017611594202898373
synergy_leenaars_2020,20,50,random,0.907036231884058,0.006501953885319537,0.03694202898550736
synergy_leenaars_2020,20,50,easy,0.8921623188405796,0.0070537537619345505,0.022068115942028954
synergy_moran_2021,10,10,hard,0.4998333333333333,0.009217633169575157,0.012333333333333252
synergy_moran_2021,10,10,mixed,0.5405757575757575,0.015388196853027041,0.05307575757575744
synergy_moran_2021,10,10,random,0.619090909090909,0.04525906197151881,0.13159090909090898
synergy_moran_2021,10,10,easy,0.5155454545454545,0.011326520193236177,0.028045454545454485
synergy_moran_2021,10,20,hard,0.5153787878787879,0.007651215115629582,0.027878787878787836
synergy_moran_2021,10,20,mixed,0.5274242424242426,0.02513799152673426,0.03992424242424253
synergy_moran_2021,10,20,random,0.5819545454545455,0.03563208752174121,0.09445454545454546
synergy_moran_2021,10,20,easy,0.5325530303030304,0.01275330130651965,0.04505303030303032
synergy_moran_2021,10,50,hard,0.5341060606060607,0.010196885271387176,0.04660606060606065
synergy_moran_2021,10,50,mixed,0.5641969696969698,0.025240002703158813,0.07669696969696971
synergy_moran_2021,10,50,random,0.5879015151515151,0.04008685903407291,0.10040151515151507
synergy_moran_2021,10,50,easy,0.5285227272727273,0.016366827691049468,0.041022727272727266
synergy_moran_2021,20,10,hard,0.503280303030303,0.01127250325616445,0.015780303030302978
synergy_moran_2021,20,10,mixed,0.540340909090909,0.024610871954595055,0.052840909090908994
synergy_moran_2021,20,10,random,0.6059848484848485,0.03500677161306811,0.11848484848484842
synergy_moran_2021,20,10,easy,0.516810606060606,0.017136380382061864,0.02931060606060598
synergy_moran_2021,20,20,hard,0.5175151515151516,0.011190540246159638,0.03001515151515155
synergy_moran_2021,20,20,mixed,0.5449621212121213,0.03332654889634808,0.05746212121212124
synergy_moran_2021,20,20,random,0.5802045454545455,0.034404697289647616,0.09270454545454543
synergy_moran_2021,20,20,easy,0.5363560606060607,0.024498182125545213,0.048856060606060625
synergy_moran_2021,20,50,hard,0.5347348484848485,0.012171816714459488,0.04723484848484849
synergy_moran_2021,20,50,mixed,0.5629393939393939,0.03755940045982824,0.0754393939393938
synergy_moran_2021,20,50,random,0.6163484848484849,0.02854993973320284,0.12884848484848488
synergy_moran_2021,20,50,easy,0.5301969696969697,0.026073897685153787,0.04269696969696968
synergy_muthu_2021,10,10,hard,0.6385746268656717,0.02699514659443357,-0.08982089552238792
synergy_muthu_2021,10,10,mixed,0.6968880597014925,0.02054341663478887,-0.03150746268656712
synergy_muthu_2021,10,10,random,0.7355796019900498,0.022431233385224236,0.00718407960199019
synergy_muthu_2021,10,10,easy,0.762179104477612,0.011689518719767917,0.033783582089552344
synergy_muthu_2021,10,20,hard,0.632860696517413,0.028857821805524795,-0.09553482587064666
synergy_muthu_2021,10,20,mixed,0.7024328358208956,0.035251719049545945,-0.02596268656716405
synergy_muthu_2021,10,20,random,0.7513495024875622,0.013867219922232965,0.022953980099502558
synergy_muthu_2021,10,20,easy,0.7553955223880597,0.01168848642185081,0.027000000000000135
synergy_muthu_2021,10,50,hard,0.5984925373134329,0.029946626076339612,-0.12990298507462672
synergy_muthu_2021,10,50,mixed,0.7167786069651741,0.010173028440965905,-0.011616915422885454
synergy_muthu_2021,10,50,random,0.7513905472636816,0.024178988544651735,0.022995024875621994
synergy_muthu_2021,10,50,easy,0.7673109452736318,0.013445685304424321,0.03891542288557215
synergy_muthu_2021,20,10,hard,0.6265771144278608,0.010280430935341717,-0.10181840796019881
synergy_muthu_2021,20,10,mixed,0.7187786069651741,0.01665436800256953,-0.009616915422885453
synergy_muthu_2021,20,10,random,0.7305820895522388,0.040322806383432455,0.0021865671641791984
synergy_muthu_2021,20,10,easy,0.7754129353233831,0.008280183965278104,0.047017412935323466
synergy_muthu_2021,20,20,hard,0.6248606965174129,0.016762530422867874,-0.10353482587064666
synergy_muthu_2021,20,20,mixed,0.7375,0.015628201263605965,0.009104477611940442
synergy_muthu_2021,20,20,random,0.7570796019900496,0.02746732038741882,0.028684079601990042
synergy_muthu_2021,20,20,easy,0.768318407960199,0.009668762239474276,0.03992288557213941
synergy_muthu_2021,20,50,hard,0.584952736318408,0.020554939358735307,-0.14344278606965155
synergy_muthu_2021,20,50,mixed,0.7417388059701493,0.028861813561732848,0.013343283582089693
synergy_muthu_2021,20,50,random,0.7681940298507463,0.019390880584576352,0.03979850746268665
synergy_muthu_2021,20,50,easy,0.781179104477612,0.010697134657650794,0.05278358208955236
synergy_nelson_2002,10,10,hard,0.581813063063063,0.04222620105377482,-0.13130630630630635
synergy_nelson_2002,10,10,mixed,0.6816441441441442,0.037224132741484436,-0.03147522522522517
synergy_nelson_2002,10,10,random,0.7929054054054053,0.03505337782196121,0.07978603603603596
synergy_nelson_2002,10,10,easy,0.801463963963964,0.015736983057239768,0.08834459459459465
synergy_nelson_2002,10,20,hard,0.677759009009009,0.034727619091985934,-0.03536036036036039
synergy_nelson_2002,10,20,mixed,0.7323198198198198,0.035790354092516186,0.01920045045045038
synergy_nelson_2002,10,20,random,0.8063626126126126,0.02957308839844575,0.09324324324324318
synergy_nelson_2002,10,20,easy,0.8170045045045043,0.015444769527922297,0.10388513513513498
synergy_nelson_2002,10,50,hard,0.7327702702702703,0.033769892038782355,0.019650900900900936
synergy_nelson_2002,10,50,mixed,0.7772522522522523,0.026177527875419607,0.06413288288288288
synergy_nelson_2002,10,50,random,0.8066441441441441,0.03888006511719818,0.09352477477477472
synergy_nelson_2002,10,50,easy,0.8179617117117118,0.021229493655297565,0.10484234234234246
synergy_nelson_2002,20,10,hard,0.5724099099099099,0.01875718486370058,-0.14070945945945945
synergy_nelson_2002,20,10,mixed,0.735135135135135,0.052406139889259976,0.022015765765765583
synergy_nelson_2002,20,10,random,0.7979166666666666,0.026573594083679142,0.08479729729729724
synergy_nelson_2002,20,10,easy,0.8045045045045045,0.011360207202602593,0.09138513513513513
synergy_nelson_2002,20,20,hard,0.6774774774774774,0.008886055684851587,-0.03564189189189193
synergy_nelson_2002,20,20,mixed,0.7657657657657657,0.011855118631067177,0.052646396396396344
synergy_nelson_2002,20,20,random,0.8070945945945945,0.011347362287074364,0.09397522522522517
synergy_nelson_2002,20,20,easy,0.8180743243243244,0.011418385829019164,0.104954954954955
synergy_nelson_2002,20,50,hard,0.7569256756756756,0.029124351892246735,0.04380630630630622
synergy_nelson_2002,20,50,mixed,0.7899774774774775,0.04358813698497513,0.07685810810810811
synergy_nelson_2002,20,50,random,0.8254504504504505,0.02254573691012089,0.11233108108108114
synergy_nelson_2002,20,50,easy,0.8222972972972974,0.005781755699546595,0.10917792792792802
synergy_sep_2021,10,10,hard,0.5383152173913044,0.02651580809484215,-0.07921195652173907
synergy_sep_2021,10,10,mixed,0.6635869565217393,0.06984065715114902,0.04605978260869581
synergy_sep_2021,10,10,random,0.7353260869565217,0.03756394201991601,0.11779891304347823
synergy_sep_2021,10,10,easy,0.6373641304347826,0.010813373777756315,0.019836956521739113
synergy_sep_2021,10,20,hard,0.5827445652173914,0.040432097999940006,-0.034782608695652084
synergy_sep_2021,10,20,mixed,0.6762228260869565,0.0759711366162918,0.05869565217391304
synergy_sep_2021,10,20,random,0.7292119565217391,0.03553346322140039,0.11168478260869563
synergy_sep_2021,10,20,easy,0.675,0.01138875521179123,0.057472826086956585
synergy_sep_2021,10,50,hard,0.6807065217391305,0.07020000584005166,0.06317934782608703
synergy_sep_2021,10,50,mixed,0.7521739130434782,0.05864058658947451,0.1346467391304348
synergy_sep_2021,10,50,random,0.7755434782608696,0.02928485595456757,0.1580163043478261
synergy_sep_2021,10,50,easy,0.7092391304347826,0.01923886176427487,0.09171195652173914
synergy_sep_2021,20,10,hard,0.5237771739130435,0.014256596075624631,-0.09375
synergy_sep_2021,20,10,mixed,0.6073369565217391,0.05180355700558601,-0.010190217391304324
synergy_sep_2021,20,10,random,0.7355978260869567,0.04791285668806802,0.11807065217391322
synergy_sep_2021,20,10,easy,0.6429347826086957,0.012065645801246357,0.025407608695652284
synergy_sep_2021,20,20,hard,0.5573369565217392,0.01635296194475878,-0.06019021739130426
synergy_sep_2021,20,20,mixed,0.6582880434782609,0.05240586179225602,0.040760869565217406
synergy_sep_2021,20,20,random,0.7819293478260869,0.027322960804890026,0.16440217391304346
synergy_sep_2021,20,20,easy,0.6865489130434783,0.01493082268240884,0.06902173913043486
synergy_sep_2021,20,50,hard,0.6626358695652174,0.03420190782079608,0.0451086956521739
synergy_sep_2021,20,50,mixed,0.7586956521739131,0.04245874999718258,0.14116847826086965
synergy_sep_2021,20,50,random,0.7789402173913044,0.036529967208489375,0.1614130434782609
synergy_sep_2021,20,50,easy,0.7194293478260869,0.015389889934395794,0.10190217391304346
synergy_van_der_valk_2021,10,10,hard,0.3163511187607573,0.06253794203498544,-0.5641996557659209
synergy_van_der_valk_2021,10,10,mixed,0.6213195639701663,0.09940245803335507,-0.2592312105565119
synergy_van_der_valk_2021,10,10,random,0.8315547905909352,0.026781224542520462,-0.048995983935743004
synergy_van_der_valk_2021,10,10,easy,0.850005737234653,0.006443872352729437,-0.03054503729202518
synergy_van_der_valk_2021,10,20,hard,0.26480780263912795,0.0420140729505486,-0.6157429718875502
synergy_van_der_valk_2021,10,20,mixed,0.747814113597246,0.048629683561432324,-0.13273666092943215
synergy_van_der_valk_2021,10,20,random,0.843694779116466,0.014178915873642737,-0.03685599541021223
synergy_van_der_valk_2021,10,20,easy,0.8606310958118188,0.005159480800977935,-0.019919678714859335
synergy_van_der_valk_2021,10,50,hard,0.4724268502581756,0.1024336459869084,-0.4081239242685026
synergy_van_der_valk_2021,10,50,mixed,0.776087205966724,0.043612983121243364,-0.1044635685599542
synergy_van_der_valk_2021,10,50,random,0.8497074010327023,0.012171897240075695,-0.030843373493975923
synergy_van_der_valk_2021,10,50,easy,0.8610900745840506,0.0056262822809516055,-0.019460699942627557
synergy_van_der_valk_2021,20,10,hard,0.3380149168100975,0.07061561812239248,-0.5425358577165806
synergy_van_der_valk_2021,20,10,mixed,0.6856913367756741,0.09013665343007787,-0.19485943775100412
synergy_van_der_valk_2021,20,10,random,0.8429145152036718,0.02181332529040145,-0.037636259323006405
synergy_van_der_valk_2021,20,10,easy,0.854136546184739,0.0043605398972855584,-0.026414228341939183
synergy_van_der_valk_2021,20,20,hard,0.26265060240963856,0.06391302063819267,-0.6179001721170396
synergy_van_der_valk_2021,20,20,mixed,0.7759036144578314,0.06862104883438272,-0.10464716006884678
synergy_van_der_valk_2021,20,20,random,0.8461732644865174,0.02069691477461544,-0.034377510040160764
synergy_van_der_valk_2021,20,20,easy,0.8632013769363167,0.004835859240923643,-0.01734939759036147
synergy_van_der_valk_2021,20,50,hard,0.5480895008605853,0.1290009137193895,-0.3324612736660929
synergy_van_der_valk_2021,20,50,mixed,0.8174870912220309,0.028417755098672236,-0.06306368330464729
synergy_van_der_valk_2021,20,50,random,0.8667814113597248,0.015925802822679865,-0.01376936316695343
synergy_van_der_valk_2021,20,50,easy,0.8646930579460701,0.004008779558247339,-0.015857716580608083
synergy_van_dis_2020,10,10,hard,0.5328620689655172,0.07821181068034586,-0.3641494252873563
synergy_van_dis_2020,10,10,mixed,0.7022873563218391,0.1098521412248986,-0.19472413793103438
synergy_van_dis_2020,10,10,random,0.879735632183908,0.05429866808732608,-0.017275862068965475
synergy_van_dis_2020,10,10,easy,0.9270574712643679,0.00972561875629991,0.030045977011494363
synergy_van_dis_2020,10,20,hard,0.5099885057471265,0.09128294202834819,-0.387022988505747
synergy_van_dis_2020,10,20,mixed,0.7894712643678161,0.08434660543296615,-0.1075402298850574
synergy_van_dis_2020,10,20,random,0.8845172413793104,0.03512747109869142,-0.012494252873563094
synergy_van_dis_2020,10,20,easy,0.9245287356321839,0.01139818474165696,0.02751724137931033
synergy_van_dis_2020,10,50,hard,0.5740919540229885,0.11143801994652601,-0.322919540229885
synergy_van_dis_2020,10,50,mixed,0.8110919540229885,0.07529693718102996,-0.08591954022988502
synergy_van_dis_2020,10,50,random,0.9052413793103448,0.026386243548351958,0.008229885057471242
synergy_van_dis_2020,10,50,easy,0.9251034482758621,0.01172027206942845,0.028091954022988586
synergy_van_dis_2020,20,10,hard,0.5450689655172414,0.0241535362801565,-0.35194252873563214
synergy_van_dis_2020,20,10,mixed,0.8351149425287356,0.030188140400630774,-0.06189655172413788
synergy_van_dis_2020,20,10,random,0.8876781609195401,0.02047270029233748,-0.009333333333333416
synergy_van_dis_2020,20,10,easy,0.9302873563218391,0.007434924886802871,0.0332758620689656
synergy_van_dis_2020,20,20,hard,0.509632183908046,0.02776818806590502,-0.38737931034482753
synergy_van_dis_2020,20,20,mixed,0.8736551724137931,0.015426494976453825,-0.02335632183908043
synergy_van_dis_2020,20,20,random,0.9205977011494253,0.01498220197458966,0.023586206896551776
synergy_van_dis_2020,20,20,easy,0.9289770114942529,0.006914860753979678,0.031965517241379415
synergy_van_dis_2020,20,50,hard,0.6375747126436783,0.03722836440667016,-0.25943678160919525
synergy_van_dis_2020,20,50,mixed,0.9008735632183908,0.015944952537658902,0.003862068965517329
synergy_van_dis_2020,20,50,random,0.9250344827586208,0.014352203011116279,0.02802298850574725
synergy_van_dis_2020,20,50,easy,0.9299310344827585,0.006739044288947256,0.03291954022988497
