variant,seed,arm,use_case,auc,wss95,f2_star,floor_f2
induced_all,0,catboost,brouwer_2019,0.9932580645161291,0.9311179023733768,0.5123794903532003,0.008233950436930596
induced_all,0,logreg,brouwer_2019,0.9953440860215053,0.9311179023733768,0.5388947269150971,0.008233950436930596
induced_all,0,blend,brouwer_2019,0.9953225806451613,0.9344457100077538,0.5884233806144473,0.008233950436930596
induced_all,0,catboost,leenaars_2020,0.9360133101851852,0.6416286693488327,0.6821955665997049,0.31946755407653904
induced_all,0,logreg,leenaars_2020,0.9251753472222222,0.6209074653553885,0.6721907852802743,0.31946755407653904
induced_all,0,blend,leenaars_2020,0.9399635416666667,0.6593026374608874,0.6889778425916281,0.31946755407653904
induced_all,0,catboost,moran_2021,0.8566606606606605,0.3090876988746509,0.4167835424748738,0.09914255091103961
induced_all,0,logreg,moran_2021,0.6334834834834835,0.07425649980596943,0.13533072896863804,0.09914255091103961
induced_all,0,blend,moran_2021,0.8367687687687687,0.31234924330616065,0.3437751863070523,0.09914255091103961
induced_all,0,catboost,muthu_2021,0.8319061876247507,0.2840493735268751,0.5909261024180998,0.41511309967685805
induced_all,0,logreg,muthu_2021,0.8063333333333333,0.23384269941695635,0.5535804944548884,0.41511309967685805
induced_all,0,blend,muthu_2021,0.841690618762475,0.258946036471921,0.5973558260136425,0.41511309967685805
induced_all,0,catboost,nelson_2002,0.8648381294964029,0.3662011173184357,0.7262569832402234,0.5899705014749262
induced_all,0,logreg,nelson_2002,0.8680755395683453,0.46675977653631284,0.7322175732217574,0.5899705014749262
induced_all,0,blend,nelson_2002,0.8741906474820145,0.3829608938547486,0.7407407407407407,0.5899705014749262
induced_all,0,catboost,sep_2021,0.7474999999999999,0.07222222222222217,0.5595667870036101,0.46511627906976744
induced_all,0,logreg,sep_2021,0.8068478260869565,0.3055555555555555,0.5961538461538461,0.46511627906976744
induced_all,0,blend,sep_2021,0.7572826086956521,0.08333333333333329,0.5707762557077625,0.46511627906976744
induced_all,0,catboost,van_der_valk_2021,0.8544860795926275,0.46971830985915486,0.6307692307692307,0.41115311909262764
induced_all,0,logreg,van_der_valk_2021,0.8485175550266599,0.41478873239436614,0.625,0.41115311909262764
induced_all,0,blend,van_der_valk_2021,0.860482278924743,0.5119718309859155,0.636672325976231,0.41115311909262764
induced_all,0,catboost,van_dis_2020,0.9446296296296296,0.7650527336466028,0.3407002746117483,0.03902016041621504
induced_all,0,logreg,van_dis_2020,0.9270972222222222,0.6215514283583208,0.32242215807897806,0.03902016041621504
induced_all,0,blend,van_dis_2020,0.9477962962962962,0.7544719922428584,0.37173405083905686,0.03902016041621504
induced_all,1,catboost,brouwer_2019,0.9893548387096774,0.926458971685249,0.5758504763106083,0.008233950436930596
induced_all,1,logreg,brouwer_2019,0.9954623655913979,0.9371079561152553,0.59998145511866,0.008233950436930596
induced_all,1,blend,brouwer_2019,0.9965698924731182,0.9304523408465014,0.5843931458306514,0.008233950436930596
induced_all,1,catboost,leenaars_2020,0.9332685185185186,0.621516912531666,0.6789741961455811,0.31946755407653904
induced_all,1,logreg,leenaars_2020,0.9279832175925925,0.6276113842944439,0.6767779459050501,0.31946755407653904
induced_all,1,blend,leenaars_2020,0.9414374999999999,0.6501609298167211,0.6991771340135204,0.31946755407653904
induced_all,1,catboost,moran_2021,0.847891891891892,0.20732751261155197,0.41957247501284534,0.09914255091103961
induced_all,1,logreg,moran_2021,0.6219879879879879,0.10452363213037763,0.13700965765853534,0.09914255091103961
induced_all,1,blend,moran_2021,0.8182762762762762,0.22428754365540182,0.3415819037498102,0.09914255091103961
induced_all,1,catboost,muthu_2021,0.8288053892215569,0.2998119340032419,0.593962325818191,0.41511309967685805
induced_all,1,logreg,muthu_2021,0.8183493013972055,0.24026448331473615,0.5851640357129301,0.41511309967685805
induced_all,1,blend,muthu_2021,0.8432295409181637,0.34709961543234175,0.5977817976730606,0.41511309967685805
induced_all,1,catboost,nelson_2002,0.8727068345323742,0.40530726256983235,0.7419354838709679,0.5899705014749262
induced_all,1,logreg,nelson_2002,0.8913219424460431,0.4220670391061452,0.7724425887265135,0.5899705014749262
induced_all,1,blend,nelson_2002,0.8977967625899281,0.45837988826815634,0.7630522088353413,0.5899705014749262
induced_all,1,catboost,sep_2021,0.7530434782608696,0.07592592592592587,0.5636363636363637,0.46511627906976744
induced_all,1,logreg,sep_2021,0.7869565217391304,0.16851851851851848,0.6092436974789917,0.46511627906976744
induced_all,1,blend,sep_2021,0.7791304347826088,0.06851851851851848,0.587121212121212,0.46511627906976744
induced_all,1,catboost,van_der_valk_2021,0.8850759211084668,0.502112676056338,0.6460674157303371,0.41115311909262764
induced_all,1,logreg,van_der_valk_2021,0.8269496872751425,0.2866197183098591,0.5922330097087379,0.41115311909262764
induced_all,1,blend,van_der_valk_2021,0.8831755871662884,0.48380281690140836,0.6643952299829643,0.41115311909262764
induced_all,1,catboost,van_dis_2020,0.9341944444444444,0.7253749533825616,0.34250344845352376,0.03902016041621504
induced_all,1,logreg,van_dis_2020,0.9353055555555556,0.6189062430073847,0.39927881373377155,0.03902016041621504
induced_all,1,blend,van_dis_2020,0.9485370370370371,0.7352943984485719,0.4446952164183387,0.03902016041621504
induced_all,2,catboost,brouwer_2019,0.9926451612903225,0.9244622871046229,0.5066793202454579,0.008233950436930596
induced_all,2,logreg,brouwer_2019,0.9966236559139785,0.9344457100077538,0.5955840609878078,0.008233950436930596
induced_all,2,blend,brouwer_2019,0.9961397849462365,0.9357768330615046,0.6051029363726883,0.008233950436930596
induced_all,2,catboost,leenaars_2020,0.9426325231481482,0.6635687676948315,0.6928903552611018,0.31946755407653904
induced_all,2,logreg,leenaars_2020,0.9317025462962963,0.6282208314707216,0.6719435111895679,0.31946755407653904
induced_all,2,blend,leenaars_2020,0.947519675925926,0.6757577112203863,0.7080582852518804,0.31946755407653904
induced_all,2,catboost,moran_2021,0.847021021021021,0.12057043073339704,0.4311994669665767,0.09914255091103961
induced_all,2,logreg,moran_2021,0.6245825825825826,0.07295188203336436,0.14479067290660835,0.09914255091103961
induced_all,2,blend,moran_2021,0.8300660660660661,0.21711214590608063,0.3449733839766054,0.09914255091103961
induced_all,2,catboost,muthu_2021,0.8306546906187625,0.32958565934748996,0.5949791329815504,0.41511309967685805
induced_all,2,logreg,muthu_2021,0.8080179640718561,0.2793789852375742,0.5612264896311584,0.41511309967685805
induced_all,2,blend,muthu_2021,0.8427255489021956,0.36694876566184037,0.5961357850899118,0.41511309967685805
induced_all,2,catboost,nelson_2002,0.8673111510791367,0.4248603351955307,0.7430997876857751,0.5899705014749262
induced_all,2,logreg,nelson_2002,0.8669064748201439,0.385754189944134,0.7426778242677824,0.5899705014749262
induced_all,2,blend,nelson_2002,0.8870053956834532,0.4220670391061452,0.7604166666666666,0.5899705014749262
induced_all,2,catboost,sep_2021,0.7271739130434783,0.06481481481481477,0.5617977528089888,0.46511627906976744
induced_all,2,logreg,sep_2021,0.8071195652173913,0.2092592592592592,0.5984555984555985,0.46511627906976744
induced_all,2,blend,sep_2021,0.7646739130434782,0.06481481481481477,0.5793991416309013,0.46511627906976744
induced_all,2,catboost,van_der_valk_2021,0.8688216084574085,0.44154929577464785,0.6333333333333334,0.41115311909262764
induced_all,2,logreg,van_der_valk_2021,0.8100680799247247,0.3584507042253521,0.5604203152364273,0.41115311909262764
induced_all,2,blend,van_der_valk_2021,0.8571982066751536,0.4246478873239436,0.617059891107078,0.41115311909262764
induced_all,2,catboost,van_dis_2020,0.9496666666666668,0.7419073618259121,0.3786476389216116,0.03902016041621504
induced_all,2,logreg,van_dis_2020,0.9347222222222222,0.59509957484896,0.36772316710430264,0.03902016041621504
induced_all,2,blend,van_dis_2020,0.9541666666666667,0.7551332885805925,0.434173746685118,0.03902016041621504
induced_lex,0,catboost,brouwer_2019,0.9923602150537635,0.9317834639002522,0.4615082859966848,0.008233950436930596
induced_lex,0,logreg,brouwer_2019,0.9949677419354839,0.9311179023733768,0.5525929053044937,0.008233950436930596
induced_lex,0,blend,brouwer_2019,0.9945376344086022,0.9377735176421308,0.558839045413496,0.008233950436930596
induced_lex,0,catboost,leenaars_2020,0.9376689814814814,0.6349247504097772,0.692823701061389,0.31946755407653904
induced_lex,0,logreg,leenaars_2020,0.9258576388888888,0.6154224407688885,0.6724045185583647,0.31946755407653904
induced_lex,0,blend,leenaars_2020,0.9411608796296297,0.6434570108776658,0.6916445958939927,0.31946755407653904
induced_lex,0,catboost,moran_2021,0.8566606606606605,0.3090876988746509,0.4167835424748738,0.09914255091103961
induced_lex,0,logreg,moran_2021,0.6325165165165165,0.08485651920837581,0.13133953512211372,0.09914255091103961
induced_lex,0,blend,moran_2021,0.8369129129129129,0.31887233216917976,0.34599580516635087,0.09914255091103961
induced_lex,0,catboost,muthu_2021,0.8320798403193613,0.3126555017987998,0.5839066855058845,0.41511309967685805
induced_lex,0,logreg,muthu_2021,0.8066277445109781,0.2350102964892793,0.5553593351202779,0.41511309967685805
induced_lex,0,blend,muthu_2021,0.8411397205588822,0.31032030765415297,0.592648104673126,0.41511309967685805
induced_lex,0,catboost,nelson_2002,0.8674910071942445,0.3801675977653631,0.7370517928286852,0.5899705014749262
induced_lex,0,logreg,nelson_2002,0.8670188848920863,0.45279329608938546,0.7314410480349346,0.5899705014749262
induced_lex,0,blend,nelson_2002,0.8747751798561152,0.41648044692737424,0.7433808553971487,0.5899705014749262
induced_lex,0,catboost,sep_2021,0.7536956521739131,0.07962962962962958,0.5555555555555555,0.46511627906976744
induced_lex,0,logreg,sep_2021,0.8025,0.33518518518518514,0.5791505791505791,0.46511627906976744
induced_lex,0,blend,sep_2021,0.7589130434782608,0.087037037037037,0.5701754385964913,0.46511627906976744
induced_lex,0,catboost,van_der_valk_2021,0.8629545580339846,0.4964788732394366,0.6649395509499136,0.41115311909262764
induced_lex,0,logreg,van_der_valk_2021,0.8472445157838417,0.4161971830985915,0.625,0.41115311909262764
induced_lex,0,blend,van_der_valk_2021,0.8685079611077287,0.5626760563380281,0.6650246305418719,0.41115311909262764
induced_lex,0,catboost,van_dis_2020,0.9474351851851852,0.7432299545013802,0.347320918140851,0.03902016041621504
induced_lex,0,logreg,van_dis_2020,0.925699074074074,0.6030351309017682,0.3228530273680028,0.03902016041621504
induced_lex,0,blend,van_dis_2020,0.9503240740740742,0.7544719922428584,0.3735260089033276,0.03902016041621504
induced_lex,1,catboost,brouwer_2019,0.994247311827957,0.933114586954003,0.49277607563507597,0.008233950436930596
induced_lex,1,logreg,brouwer_2019,0.9969139784946237,0.9337801484808784,0.5955840609878078,0.008233950436930596
induced_lex,1,blend,brouwer_2019,0.9963548387096773,0.9324490254271276,0.6391968278792088,0.008233950436930596
induced_lex,1,catboost,leenaars_2020,0.9321064814814816,0.6349247504097771,0.6813442538071354,0.31946755407653904
induced_lex,1,logreg,leenaars_2020,0.9284265046296295,0.6257830427656106,0.677236873555892,0.31946755407653904
induced_lex,1,blend,leenaars_2020,0.9408425925925926,0.6318775145283883,0.7044598319161924,0.31946755407653904
induced_lex,1,catboost,moran_2021,0.847891891891892,0.20732751261155197,0.41957247501284534,0.09914255091103961
induced_lex,1,logreg,moran_2021,0.6228558558558558,0.09953346915016831,0.13596583329682396,0.09914255091103961
induced_lex,1,blend,moran_2021,0.8185165165165165,0.22428754365540182,0.3414554195804196,0.09914255091103961
induced_lex,1,catboost,muthu_2021,0.8336976047904192,0.32666666666668137,0.603415596546055,0.41511309967685805
induced_lex,1,logreg,muthu_2021,0.8183323353293412,0.2408482818508978,0.5863272102731744,0.41511309967685805
induced_lex,1,blend,muthu_2021,0.8437914171656687,0.3284180622751665,0.5948055063608205,0.41511309967685805
induced_lex,1,catboost,nelson_2002,0.8632643884892086,0.4108938547486033,0.741106719367589,0.5899705014749262
induced_lex,1,logreg,nelson_2002,0.8919064748201438,0.43603351955307257,0.7684210526315788,0.5899705014749262
induced_lex,1,blend,nelson_2002,0.8902428057553957,0.4304469273743016,0.7559395248380129,0.5899705014749262
induced_lex,1,catboost,sep_2021,0.7541304347826087,0.07592592592592587,0.5656934306569342,0.46511627906976744
induced_lex,1,logreg,sep_2021,0.7844021739130435,0.13518518518518513,0.6118143459915611,0.46511627906976744
induced_lex,1,blend,sep_2021,0.7802173913043479,0.07222222222222217,0.6007751937984497,0.46511627906976744
induced_lex,1,catboost,van_der_valk_2021,0.8921053117101161,0.5471830985915492,0.6602112676056338,0.41115311909262764
induced_lex,1,logreg,van_der_valk_2021,0.8270972860279331,0.27676056338028165,0.594541910331384,0.41115311909262764
induced_lex,1,blend,van_der_valk_2021,0.8878064980350916,0.5373239436619718,0.6574074074074074,0.41115311909262764
induced_lex,1,catboost,van_dis_2020,0.9380092592592593,0.7121490266278813,0.3783795756242341,0.03902016041621504
induced_lex,1,logreg,van_dis_2020,0.9327175925925926,0.6043577235772363,0.39996038487616464,0.03902016041621504
induced_lex,1,blend,van_dis_2020,0.9481018518518519,0.6909875438203927,0.440945386909534,0.03902016041621504
induced_lex,2,catboost,brouwer_2019,0.9926397849462365,0.9304523408465014,0.5275745638716939,0.008233950436930596
induced_lex,2,logreg,brouwer_2019,0.996731182795699,0.9377735176421308,0.5955840609878078,0.008233950436930596
induced_lex,2,blend,brouwer_2019,0.9958924731182796,0.9357768330615046,0.6119484984143736,0.008233950436930596
induced_lex,2,catboost,leenaars_2020,0.939050925925926,0.652598718521832,0.6875321838625161,0.31946755407653904
induced_lex,2,logreg,leenaars_2020,0.9312719907407407,0.6288302786469995,0.6712816097163056,0.31946755407653904
induced_lex,2,blend,leenaars_2020,0.9444768518518518,0.6660065563999424,0.7017616129041749,0.31946755407653904
induced_lex,2,catboost,moran_2021,0.847021021021021,0.12057043073339704,0.4311994669665767,0.09914255091103961
induced_lex,2,logreg,moran_2021,0.6253123123123123,0.07071539442318717,0.1436672967863894,0.09914255091103961
induced_lex,2,blend,moran_2021,0.8295975975975977,0.21711214590608074,0.340852148076797,0.09914255091103961
induced_lex,2,catboost,muthu_2021,0.8172485029940121,0.3062337179010206,0.5739960649380882,0.41511309967685805
induced_lex,2,logreg,muthu_2021,0.8075818363273453,0.2822979779183821,0.5616706279509901,0.41511309967685805
induced_lex,2,blend,muthu_2021,0.8344780439121757,0.3074013149733443,0.5833280185669418,0.41511309967685805
induced_lex,2,catboost,nelson_2002,0.8634892086330935,0.45837988826815634,0.7749469214437367,0.5899705014749262
induced_lex,2,logreg,nelson_2002,0.8681429856115109,0.385754189944134,0.7407407407407407,0.5899705014749262
induced_lex,2,blend,nelson_2002,0.8846672661870504,0.46955307262569823,0.7961783439490446,0.5899705014749262
induced_lex,2,catboost,sep_2021,0.7269565217391305,0.06481481481481477,0.5576208178438662,0.46511627906976744
induced_lex,2,logreg,sep_2021,0.8103260869565216,0.20185185185185178,0.6395348837209303,0.46511627906976744
induced_lex,2,blend,sep_2021,0.7620652173913044,0.06481481481481477,0.588235294117647,0.46511627906976744
induced_lex,2,catboost,van_der_valk_2021,0.8733971697939152,0.4880281690140844,0.6338028169014085,0.41115311909262764
induced_lex,2,logreg,van_der_valk_2021,0.8109721222855668,0.3471830985915493,0.5604203152364273,0.41115311909262764
induced_lex,2,blend,van_der_valk_2021,0.8618660172321544,0.454225352112676,0.6261510128913444,0.41115311909262764
induced_lex,2,catboost,van_dis_2020,0.9457962962962962,0.7352943984485719,0.3861763993215411,0.03902016041621504
induced_lex,2,logreg,van_dis_2020,0.9315277777777777,0.5706316103528013,0.36188178528347403,0.03902016041621504
induced_lex,2,blend,van_dis_2020,0.9482962962962963,0.7511655105541883,0.41556570613271093,0.03902016041621504
supplied,0,logreg,brouwer_2019,0.9953440860215054,0.9324490254271276,0.5143489454456487,0.008233950436930596
supplied,0,catboost,brouwer_2019,0.9917849462365592,0.9311179023733768,0.5539395966885273,0.008233950436930596
supplied,0,blend,brouwer_2019,0.9950000000000001,0.9377735176421308,0.5388947269150971,0.008233950436930596
supplied,0,logreg,leenaars_2020,0.9244155092592592,0.6093279690061107,0.66933657589719,0.31946755407653904
supplied,0,catboost,leenaars_2020,0.936869212962963,0.6452853524064992,0.6830057934794956,0.31946755407653904
supplied,0,blend,leenaars_2020,0.940712962962963,0.6349247504097771,0.689623340763527,0.31946755407653904
supplied,0,logreg,moran_2021,0.6306186186186187,0.06969033760185601,0.1344567945500179,0.09914255091103961
supplied,0,catboost,moran_2021,0.8595975975975977,0.32213387660068943,0.41959465780335997,0.09914255091103961
supplied,0,blend,moran_2021,0.8368588588588588,0.2973461389212165,0.3495291993653765,0.09914255091103961
supplied,0,logreg,muthu_2021,0.8076447105788422,0.23617789356160346,0.5514386317343274,0.41511309967685805
supplied,0,catboost,muthu_2021,0.8229321357285428,0.3132393003349613,0.5736789108917539,0.41511309967685805
supplied,0,blend,muthu_2021,0.835558882235529,0.2968929413224331,0.5875743394534473,0.41511309967685805
supplied,0,logreg,nelson_2002,0.8679631294964028,0.45279329608938546,0.7330415754923414,0.5899705014749262
supplied,0,catboost,nelson_2002,0.8598920863309352,0.32150837988826814,0.7373737373737373,0.5899705014749262
supplied,0,blend,nelson_2002,0.8736061151079136,0.41927374301675974,0.7569296375266524,0.5899705014749262
supplied,0,logreg,sep_2021,0.7990760869565218,0.3018518518518518,0.5836575875486382,0.46511627906976744
supplied,0,catboost,sep_2021,0.7294565217391304,0.06481481481481477,0.549645390070922,0.46511627906976744
supplied,0,blend,sep_2021,0.7386956521739131,0.057407407407407365,0.5504587155963303,0.46511627906976744
supplied,0,logreg,van_der_valk_2021,0.8474659139130275,0.4133802816901408,0.6261022927689595,0.41115311909262764
supplied,0,catboost,van_der_valk_2021,0.8593199387465176,0.5077464788732394,0.642361111111111,0.41115311909262764
supplied,0,blend,van_der_valk_2021,0.8644674452500877,0.482394366197183,0.6572379367720466,0.41115311909262764
supplied,0,logreg,van_dis_2020,0.9287962962962963,0.6076642052659064,0.34026451120849693,0.03902016041621504
supplied,0,catboost,van_dis_2020,0.9289629629629629,0.7286814350712317,0.27829751634927635,0.03902016041621504
supplied,0,blend,van_dis_2020,0.9418981481481481,0.7154555083165514,0.37011106416183714,0.03902016041621504
supplied,1,catboost,brouwer_2019,0.9937956989247312,0.9337801484808784,0.4511134042709161,0.008233950436930596
supplied,1,logreg,brouwer_2019,0.9966774193548388,0.93644239458838,0.5879489605609307,0.008233950436930596
supplied,1,blend,brouwer_2019,0.9961935483870967,0.9324490254271276,0.5758504763106083,0.008233950436930596
supplied,1,catboost,leenaars_2020,0.9309155092592594,0.6148129935926107,0.6794217562022972,0.31946755407653904
supplied,1,logreg,leenaars_2020,0.9272690972222221,0.6172507822977218,0.6728510131371402,0.31946755407653904
supplied,1,blend,leenaars_2020,0.9392372685185184,0.6440664580539438,0.6957096389888413,0.31946755407653904
supplied,1,catboost,moran_2021,0.8538258258258259,0.2034136592937404,0.42242075252580785,0.09914255091103961
supplied,1,logreg,moran_2021,0.620045045045045,0.09226022506790149,0.13259844329427573,0.09914255091103961
supplied,1,blend,moran_2021,0.8217957957957958,0.23733372138144015,0.33903307766250645,0.09914255091103961
supplied,1,catboost,muthu_2021,0.8300229540918165,0.34184542860688594,0.5856386294796632,0.41511309967685805
supplied,1,logreg,muthu_2021,0.8200379241516966,0.24551867014019196,0.5864110226555407,0.41511309967685805
supplied,1,blend,muthu_2021,0.8446387225548901,0.3237476739858725,0.6058275098928879,0.41511309967685805
supplied,1,catboost,nelson_2002,0.8653776978417266,0.39134078212290496,0.7604166666666666,0.5899705014749262
supplied,1,logreg,nelson_2002,0.8929181654676259,0.4248603351955307,0.7740585774058578,0.5899705014749262
supplied,1,blend,nelson_2002,0.8963579136690647,0.46396648044692734,0.7782515991471216,0.5899705014749262
supplied,1,catboost,sep_2021,0.7526086956521739,0.187037037037037,0.5719557195571955,0.46511627906976744
supplied,1,logreg,sep_2021,0.7810326086956523,0.13148148148148145,0.6041666666666666,0.46511627906976744
supplied,1,blend,sep_2021,0.7751086956521739,0.17592592592592587,0.5849056603773585,0.46511627906976744
supplied,1,catboost,van_der_valk_2021,0.8816258002619878,0.5359154929577464,0.6608695652173913,0.41115311909262764
supplied,1,logreg,van_der_valk_2021,0.8273924835335141,0.3049295774647887,0.5909090909090909,0.41115311909262764
supplied,1,blend,van_der_valk_2021,0.8800206638253906,0.5119718309859155,0.64891846921797,0.41115311909262764
supplied,1,catboost,van_dis_2020,0.9326203703703704,0.6817293950921165,0.3869653279066196,0.03902016041621504
supplied,1,logreg,van_dis_2020,0.9353888888888889,0.6003899455508321,0.39181162084244336,0.03902016041621504
supplied,1,blend,van_dis_2020,0.9438935185185185,0.701568285224137,0.4361944457907236,0.03902016041621504
supplied,2,catboost,brouwer_2019,0.9931612903225806,0.9284556562658752,0.4615082859966848,0.008233950436930596
supplied,2,logreg,brouwer_2019,0.9964408602150537,0.93644239458838,0.5843931458306514,0.008233950436930596
supplied,2,blend,brouwer_2019,0.995752688172043,0.9377735176421308,0.59998145511866,0.008233950436930596
supplied,2,catboost,leenaars_2020,0.9382662037037036,0.6574742959320542,0.6917887443204144,0.31946755407653904
supplied,2,logreg,leenaars_2020,0.9309016203703704,0.6312680673521105,0.672949441265432,0.31946755407653904
supplied,2,blend,leenaars_2020,0.943699074074074,0.6647876620473869,0.7017492880804324,0.31946755407653904
supplied,2,catboost,moran_2021,0.8548528528528528,0.24059526581294965,0.4155064075461795,0.09914255091103961
supplied,2,logreg,moran_2021,0.6240900900900901,0.050447225455949915,0.15263343554120423,0.09914255091103961
supplied,2,blend,moran_2021,0.83993993993994,0.2223306169964961,0.3398406191631269,0.09914255091103961
supplied,2,catboost,muthu_2021,0.8306117764471058,0.3237476739858725,0.5854275064316831,0.41511309967685805
supplied,2,logreg,muthu_2021,0.8077894211576845,0.2840493735268676,0.5595704804236789,0.41511309967685805
supplied,2,blend,muthu_2021,0.8416317365269461,0.30973650911799133,0.5999952676429595,0.41511309967685805
supplied,2,catboost,nelson_2002,0.8695593525179856,0.40530726256983235,0.7563025210084034,0.5899705014749262
supplied,2,logreg,nelson_2002,0.8680980215827337,0.39134078212290496,0.7352941176470589,0.5899705014749262
supplied,2,blend,nelson_2002,0.8884892086330936,0.45558659217877095,0.7731958762886596,0.5899705014749262
supplied,2,catboost,sep_2021,0.7427173913043478,0.06481481481481477,0.5813953488372093,0.46511627906976744
supplied,2,logreg,sep_2021,0.8060869565217391,0.16111111111111107,0.6297709923664122,0.46511627906976744
supplied,2,blend,sep_2021,0.7696739130434783,0.057407407407407365,0.5755395683453237,0.46511627906976744
supplied,2,catboost,van_der_valk_2021,0.8683972620431357,0.482394366197183,0.6260434056761269,0.41115311909262764
supplied,2,logreg,van_der_valk_2021,0.8108337484548255,0.3753521126760563,0.5653710247349824,0.41115311909262764
supplied,2,blend,van_der_valk_2021,0.8623088134905261,0.482394366197183,0.6219709208400646,0.41115311909262764
supplied,2,catboost,van_dis_2020,0.9419722222222222,0.7597623629447307,0.34332942145871315,0.03902016041621504
supplied,2,logreg,van_dis_2020,0.9319074074074074,0.5739380920414714,0.35738511820337604,0.03902016041621504
supplied,2,blend,van_dis_2020,0.9489444444444445,0.7584397702692626,0.4010413002181102,0.03902016041621504
