variant,use_case,n_labels,recall_at_10pct,recall_at_20pct,wss_at_95,roc_auc,wss_ceiling
lexical only (Tier 1b),carbon_capture,25,0.14958773954030682,0.2861093164817749,0.0492647058823529,0.678971747174606,0.47965686274509794
lexical only (Tier 1b),carbon_capture,50,0.16608886466688055,0.3055515360186286,0.06255060728744934,0.7127326002987611,0.47692307692307695
lexical only (Tier 1b),carbon_capture,100,0.16562771629945625,0.3142253176480317,0.05186125211505919,0.7396603101068586,0.4783756345177663
lexical only (Tier 1b),carbon_capture,200,0.1795507255887195,0.3412122288945997,0.06752577319587626,0.775249770299902,0.48773195876288666
lexical only (Tier 1b),cement_binders,25,0.14110776507592618,0.2679808543597552,0.12918424753867788,0.8182442557086796,0.33270042194092825
lexical only (Tier 1b),cement_binders,50,0.143510016104029,0.28369569080045803,0.17012578616352197,0.8569526047368826,0.3316037735849057
lexical only (Tier 1b),cement_binders,100,0.14576787519193599,0.28251245858456225,0.1919753086419753,0.8700523823962083,0.3323045267489712
lexical only (Tier 1b),cement_binders,200,0.14627947277856224,0.2848239229309176,0.1919354838709677,0.8847148075772843,0.3268817204301075
lexical only (Tier 1b),ner,25,0.10793441385467871,0.2155309772774866,0.03524970963995349,0.6349866686788943,0.27098722415795584
lexical only (Tier 1b),ner,50,0.108265763328124,0.22230223692586634,0.03117048346055975,0.6537991212244745,0.2712213740458015
lexical only (Tier 1b),ner,100,0.11130627995421859,0.22928747071395922,0.033962264150943354,0.6818068349232164,0.2736477987421384
lexical only (Tier 1b),ner,200,0.1157366557213801,0.23294741875705452,0.05416666666666661,0.7193242710197754,0.26916666666666667
lexical only (Tier 1b),soil_microbiome,25,0.1269325314638561,0.24398637767707806,0.018875502008032084,0.5479228460601242,0.7002911646586346
lexical only (Tier 1b),soil_microbiome,50,0.14456011633944135,0.2671096760411968,0.028393051031487468,0.586013681087283,0.7007926167209553
lexical only (Tier 1b),soil_microbiome,100,0.15803298954926895,0.3074841436564559,0.05402075226977947,0.635749750140357,0.7025810635538262
lexical only (Tier 1b),soil_microbiome,200,0.1776849226322834,0.33549626162454066,0.088004246284501,0.6899717557519802,0.6978768577494692
lexical only (Tier 1b),solar_leo,25,0.11208675103831091,0.2187350509558639,0.00631840796019896,0.5643571913506018,0.22138308457711442
lexical only (Tier 1b),solar_leo,50,0.11436619444355385,0.22166015818192367,0.005053763440860171,0.5806212360567606,0.21921505376344083
lexical only (Tier 1b),solar_leo,100,0.11524212765759763,0.22614952082310008,0.012564102564102524,0.5929592284710244,0.21630769230769226
lexical only (Tier 1b),solar_leo,200,0.11943765641502568,0.22562012969320713,0.017916666666666626,0.6085495466027496,0.22364583333333332
lexical only (Tier 1b),tech_forecasting,25,0.11378984914379354,0.22762972841200796,0.011366806136680568,0.5659309188904301,0.3842398884239888
lexical only (Tier 1b),tech_forecasting,50,0.12342699879265144,0.2347604864766414,0.02570093457943921,0.5951526325406692,0.38118380062305296
lexical only (Tier 1b),tech_forecasting,100,0.12244953603880596,0.2442485768077393,0.03211382113821134,0.6113834142618948,0.38849593495934953
lexical only (Tier 1b),tech_forecasting,200,0.12471929709584385,0.2586620888494069,0.031249999999999955,0.6353423206917477,0.3859375
jasper: cosine-to-brief (0 labels),carbon_capture,25,0.17006802721088435,0.3129251700680272,0.12508417508417505,0.7509750566893424,0.4797979797979797
jasper: cosine-to-brief (0 labels),carbon_capture,50,0.17006802721088435,0.3129251700680272,0.12508417508417505,0.7509750566893424,0.4797979797979797
jasper: cosine-to-brief (0 labels),carbon_capture,100,0.17006802721088435,0.3129251700680272,0.12508417508417505,0.7509750566893424,0.4797979797979797
jasper: cosine-to-brief (0 labels),carbon_capture,200,0.17006802721088435,0.3129251700680272,0.12508417508417505,0.7509750566893424,0.4797979797979797
jasper: cosine-to-brief (0 labels),cement_binders,25,0.12352941176470589,0.25882352941176473,0.2057251908396946,0.8282608695652174,0.333587786259542
jasper: cosine-to-brief (0 labels),cement_binders,50,0.12352941176470589,0.25882352941176473,0.2057251908396946,0.8282608695652174,0.333587786259542
jasper: cosine-to-brief (0 labels),cement_binders,100,0.12352941176470589,0.25882352941176473,0.2057251908396946,0.8282608695652174,0.333587786259542
jasper: cosine-to-brief (0 labels),cement_binders,200,0.12352941176470589,0.25882352941176473,0.2057251908396946,0.8282608695652174,0.333587786259542
jasper: cosine-to-brief (0 labels),ner,25,0.13901345291479822,0.2600896860986547,0.08461538461538456,0.7735174081725199,0.2709935897435897
jasper: cosine-to-brief (0 labels),ner,50,0.13901345291479822,0.2600896860986547,0.08461538461538456,0.7735174081725199,0.2709935897435897
jasper: cosine-to-brief (0 labels),ner,100,0.13901345291479822,0.2600896860986547,0.08461538461538456,0.7735174081725199,0.2709935897435897
jasper: cosine-to-brief (0 labels),ner,200,0.13901345291479822,0.2600896860986547,0.08461538461538456,0.7735174081725199,0.2709935897435897
jasper: cosine-to-brief (0 labels),soil_microbiome,25,0.1702127659574468,0.3191489361702128,-0.007983193277310965,0.6027829463635628,0.6998599439775911
jasper: cosine-to-brief (0 labels),soil_microbiome,50,0.1702127659574468,0.3191489361702128,-0.007983193277310965,0.6027829463635628,0.6998599439775911
jasper: cosine-to-brief (0 labels),soil_microbiome,100,0.1702127659574468,0.3191489361702128,-0.007983193277310965,0.6027829463635628,0.6998599439775911
jasper: cosine-to-brief (0 labels),soil_microbiome,200,0.1702127659574468,0.3191489361702128,-0.007983193277310965,0.6027829463635628,0.6998599439775911
jasper: cosine-to-brief (0 labels),solar_leo,25,0.11956521739130435,0.21739130434782608,0.005555555555555508,0.5277777777777778,0.2216666666666666
jasper: cosine-to-brief (0 labels),solar_leo,50,0.11956521739130435,0.21739130434782608,0.005555555555555508,0.5277777777777778,0.2216666666666666
jasper: cosine-to-brief (0 labels),solar_leo,100,0.11956521739130435,0.21739130434782608,0.005555555555555508,0.5277777777777778,0.2216666666666666
jasper: cosine-to-brief (0 labels),solar_leo,200,0.11956521739130435,0.21739130434782608,0.005555555555555508,0.5277777777777778,0.2216666666666666
jasper: cosine-to-brief (0 labels),tech_forecasting,25,0.14012738853503184,0.25477707006369427,0.07878787878787874,0.6724805047919521,0.38503787878787876
jasper: cosine-to-brief (0 labels),tech_forecasting,50,0.14012738853503184,0.25477707006369427,0.07878787878787874,0.6724805047919521,0.38503787878787876
jasper: cosine-to-brief (0 labels),tech_forecasting,100,0.14012738853503184,0.25477707006369427,0.07878787878787874,0.6724805047919521,0.38503787878787876
jasper: cosine-to-brief (0 labels),tech_forecasting,200,0.14012738853503184,0.25477707006369427,0.07878787878787874,0.6724805047919521,0.38503787878787876
jasper: embedding,carbon_capture,25,0.1723084913454779,0.3351386523617199,0.1791666666666666,0.8139625064436324,0.47965686274509794
jasper: embedding,carbon_capture,50,0.18114218097088408,0.34217337737966613,0.20991902834008097,0.840644985440036,0.47692307692307695
jasper: embedding,carbon_capture,100,0.18971604486198498,0.3601161795755005,0.21463620981387474,0.8672332787487744,0.4783756345177663
jasper: embedding,carbon_capture,200,0.20432935626046067,0.3804472905232784,0.24553264604810993,0.8896226766758311,0.48773195876288666
jasper: embedding,cement_binders,25,0.14720077861344466,0.2836277331261927,0.15225035161744016,0.830605152343115,0.33270042194092825
jasper: embedding,cement_binders,50,0.14259475750406672,0.2806951982326388,0.16572327044025154,0.8498051328770703,0.3316037735849057
jasper: embedding,cement_binders,100,0.14125026027589022,0.2850032848357133,0.17880658436213984,0.8620639531993792,0.3323045267489712
jasper: embedding,cement_binders,200,0.13635033473645883,0.28300017788539145,0.1908602150537634,0.8710437279775475,0.3268817204301075
jasper: embedding,ner,25,0.1303039374423371,0.24795414995402806,0.059407665505226435,0.7324415173700113,0.27098722415795584
jasper: embedding,ner,50,0.12888412346440342,0.24923693324859655,0.06984732824427477,0.7542847287755908,0.2712213740458015
jasper: embedding,ner,100,0.13160873908025952,0.2562040561444012,0.07987421383647796,0.7855216003848356,0.2736477987421384
jasper: embedding,ner,200,0.13128007743985995,0.25777421524252836,0.09166666666666662,0.8035797975988591,0.26916666666666667
jasper: embedding,soil_microbiome,25,0.18183280196025392,0.3526982348459963,0.12610441767068267,0.6953392634376706,0.7002911646586346
jasper: embedding,soil_microbiome,50,0.2127740113611408,0.39997919924979936,0.14782844733984796,0.741617487340824,0.7007926167209553
jasper: embedding,soil_microbiome,100,0.24064411025032673,0.42093317857524404,0.17023346303501938,0.7614304730694602,0.7025810635538262
jasper: embedding,soil_microbiome,200,0.24194568460191795,0.4176551429367617,0.18014861995753714,0.763710106710908,0.6978768577494692
jasper: embedding,solar_leo,25,0.1151921555282696,0.226216098906299,0.011691542288557169,0.6181670800604998,0.22138308457711442
jasper: embedding,solar_leo,50,0.12300021945230323,0.24322468258190827,0.025698924731182755,0.7031718965022097,0.21921505376344083
jasper: embedding,solar_leo,100,0.12283711201265266,0.24373566126682059,0.03384615384615381,0.7244064240596598,0.21630769230769226
jasper: embedding,solar_leo,200,0.124865588488481,0.2464096116600674,0.049583333333333285,0.7606578006337942,0.22364583333333332
jasper: embedding,tech_forecasting,25,0.1428768094152772,0.2716144916309318,0.0833333333333333,0.7240954313111967,0.3842398884239888
jasper: embedding,tech_forecasting,50,0.1457368249688537,0.2919929133330385,0.10825545171339558,0.7788789038839583,0.38118380062305296
jasper: embedding,tech_forecasting,100,0.15006839318707196,0.3068972242728261,0.1321138211382113,0.8168984931344364,0.38849593495934953
jasper: embedding,tech_forecasting,200,0.14610379083327876,0.3135832796480095,0.12291666666666662,0.8266489109531528,0.3859375
jasper: embedding PCA-64,carbon_capture,25,0.1723084913454779,0.3341359193488088,0.17818627450980387,0.8140777990440924,0.47965686274509794
jasper: embedding PCA-64,carbon_capture,50,0.180625385105251,0.34108477878373605,0.21180836707152492,0.8409883902226978,0.47692307692307695
jasper: embedding PCA-64,carbon_capture,100,0.18763592276483584,0.3528160578127256,0.20076142131979693,0.8615425851782471,0.4783756345177663
jasper: embedding PCA-64,carbon_capture,200,0.20551529730354454,0.3685088296445946,0.21254295532646045,0.8579811020905502,0.48773195876288666
jasper: embedding PCA-64,cement_binders,25,0.14720077861344466,0.2836277331261927,0.15140646976090008,0.8304533857039958,0.33270042194092825
jasper: embedding PCA-64,cement_binders,50,0.14259475750406672,0.2806951982326388,0.16572327044025154,0.8497733433349997,0.3316037735849057
jasper: embedding PCA-64,cement_binders,100,0.1417888333201294,0.281921295519515,0.1742798353909464,0.8453396494992369,0.3323045267489712
jasper: embedding PCA-64,cement_binders,200,0.12606363998219985,0.2611892867157517,0.1758064516129032,0.8391816449999246,0.3268817204301075
jasper: embedding PCA-64,ner,25,0.12965034267109526,0.24730214931637465,0.058710801393728175,0.7321405537153083,0.27098722415795584
jasper: embedding PCA-64,ner,50,0.12818047339570934,0.24888605605561412,0.06908396946564882,0.7539872826551087,0.2712213740458015
jasper: embedding PCA-64,ner,100,0.13071348614755596,0.25749570766796387,0.0764150943396226,0.7806799532359291,0.2736477987421384
jasper: embedding PCA-64,ner,200,0.1314102171785483,0.2586838010569467,0.07499999999999996,0.7915719535233786,0.26916666666666667
jasper: embedding PCA-64,soil_microbiome,25,0.18183280196025392,0.3534645183709005,0.12530120481927706,0.6955307884843255,0.7002911646586346
jasper: embedding PCA-64,soil_microbiome,50,0.2127740113611408,0.39997919924979936,0.14804560260586316,0.742265132549565,0.7007926167209553
jasper: embedding PCA-64,soil_microbiome,100,0.23649229882540404,0.41304781823233194,0.16400778210116726,0.7607826482023313,0.7025810635538262
jasper: embedding PCA-64,soil_microbiome,200,0.27069021525767584,0.46107654253129937,0.16910828025477706,0.775436839439217,0.6978768577494692
jasper: embedding PCA-64,solar_leo,25,0.1151921555282696,0.2262171363260287,0.011492537313432792,0.6184045280661724,0.22138308457711442
jasper: embedding PCA-64,solar_leo,50,0.1227201074074853,0.24294574255401427,0.025268817204301033,0.7027400452054064,0.21921505376344083
jasper: embedding PCA-64,solar_leo,100,0.12250485955396313,0.2427526160794708,0.030512820512820473,0.7143884310492523,0.21630769230769226
jasper: embedding PCA-64,solar_leo,200,0.12038493409529924,0.24313847360626661,0.03333333333333329,0.7348886240503415,0.22364583333333332
jasper: embedding PCA-64,tech_forecasting,25,0.1424073258472021,0.27115787062636554,0.0836122733612273,0.7240087466080168,0.3842398884239888
jasper: embedding PCA-64,tech_forecasting,50,0.1457368249688537,0.2925484688885941,0.10887850467289713,0.7790429546721515,0.38118380062305296
jasper: embedding PCA-64,tech_forecasting,100,0.15360592895511102,0.30826742547652,0.139430894308943,0.8189719870076073,0.38849593495934953
jasper: embedding PCA-64,tech_forecasting,200,0.14231202088618147,0.30329500316211916,0.15,0.8243588793880804,0.3859375
jasper: PCA-64 + lexical,carbon_capture,25,0.17426206028537292,0.32741947319159165,0.125735294117647,0.7863967231138973,0.47965686274509794
jasper: PCA-64 + lexical,carbon_capture,50,0.18650246680724308,0.3459517562592526,0.174021592442645,0.8260734892102839,0.47692307692307695
jasper: PCA-64 + lexical,carbon_capture,100,0.18620157714500474,0.3546574748634134,0.17368866328257185,0.8462638963825292,0.4783756345177663
jasper: PCA-64 + lexical,carbon_capture,200,0.19966681245505968,0.3715060238084554,0.21185567010309275,0.8707630858818869,0.48773195876288666
jasper: PCA-64 + lexical,cement_binders,25,0.1424438402562524,0.2779651493721541,0.17672292545710266,0.8496581550888366,0.33270042194092825
jasper: PCA-64 + lexical,cement_binders,50,0.14013792422545293,0.2778399947795343,0.1820754716981132,0.861991455475028,0.3316037735849057
jasper: PCA-64 + lexical,cement_binders,100,0.14059136677776873,0.27794739056072165,0.1849794238683127,0.8565161102273354,0.3323045267489712
jasper: PCA-64 + lexical,cement_binders,200,0.1298843780134642,0.266394040341558,0.1854838709677419,0.8592279364603365,0.3268817204301075
jasper: PCA-64 + lexical,ner,25,0.11702477644941187,0.2317635792310121,0.049883855981416904,0.7123459924126294,0.27098722415795584
jasper: PCA-64 + lexical,ner,50,0.1218405533350331,0.24754376558238442,0.06272264631043253,0.741842246306302,0.2712213740458015
jasper: PCA-64 + lexical,ner,100,0.12763674123235338,0.2526339756772369,0.07106918238993706,0.7703716307372053,0.2736477987421384
jasper: PCA-64 + lexical,ner,200,0.13223222012792252,0.26119675836338957,0.07261904761904758,0.8114199013957091,0.26916666666666667
jasper: PCA-64 + lexical,soil_microbiome,25,0.16140720956557614,0.32116248720255647,0.07931726907630517,0.6447047130505607,0.7002911646586346
jasper: PCA-64 + lexical,soil_microbiome,50,0.1939328467508775,0.35855294870365856,0.09440825190010854,0.7015874231192597,0.7007926167209553
jasper: PCA-64 + lexical,soil_microbiome,100,0.21792796233867748,0.40239549505594663,0.14792477302204923,0.7398760794389396,0.7025810635538262
jasper: PCA-64 + lexical,soil_microbiome,200,0.25991699264006923,0.4307500785025351,0.16868365180467088,0.7644028574463174,0.6978768577494692
jasper: PCA-64 + lexical,solar_leo,25,0.11492848464092262,0.22598815174807185,0.010099502487562143,0.6127122952496834,0.22138308457711442
jasper: PCA-64 + lexical,solar_leo,50,0.12020807538024722,0.23845052775903405,0.025053763440860174,0.6869898176819428,0.21921505376344083
jasper: PCA-64 + lexical,solar_leo,100,0.12151010691243634,0.24372159841930008,0.02717948717948714,0.7081007133490578,0.21630769230769226
jasper: PCA-64 + lexical,solar_leo,200,0.1260144539111484,0.24759771083707358,0.029583333333333288,0.7350564612803582,0.22364583333333332
jasper: PCA-64 + lexical,tech_forecasting,25,0.12642589064773302,0.2523702273339101,0.05767085076708503,0.6636398661810261,0.3842398884239888
jasper: PCA-64 + lexical,tech_forecasting,50,0.14156033890553438,0.2784054351383224,0.07897196261682236,0.736992504546315,0.38118380062305296
jasper: PCA-64 + lexical,tech_forecasting,100,0.1536482880843752,0.2960681692958673,0.10243902439024384,0.7664775356254779,0.38849593495934953
jasper: PCA-64 + lexical,tech_forecasting,200,0.14235267129268556,0.2836353911106447,0.12916666666666662,0.8029979633172669,0.3859375
qwen3-4b: cosine-to-brief (0 labels),carbon_capture,25,0.17687074829931973,0.32653061224489793,0.16212121212121208,0.7980498866213153,0.4797979797979797
qwen3-4b: cosine-to-brief (0 labels),carbon_capture,50,0.17687074829931973,0.32653061224489793,0.16212121212121208,0.7980498866213153,0.4797979797979797
qwen3-4b: cosine-to-brief (0 labels),carbon_capture,100,0.17687074829931973,0.32653061224489793,0.16212121212121208,0.7980498866213153,0.4797979797979797
qwen3-4b: cosine-to-brief (0 labels),carbon_capture,200,0.17687074829931973,0.32653061224489793,0.16212121212121208,0.7980498866213153,0.4797979797979797
qwen3-4b: cosine-to-brief (0 labels),cement_binders,25,0.12352941176470589,0.2529411764705882,0.21717557251908393,0.8341432225063938,0.333587786259542
qwen3-4b: cosine-to-brief (0 labels),cement_binders,50,0.12352941176470589,0.2529411764705882,0.21717557251908393,0.8341432225063938,0.333587786259542
qwen3-4b: cosine-to-brief (0 labels),cement_binders,100,0.12352941176470589,0.2529411764705882,0.21717557251908393,0.8341432225063938,0.333587786259542
qwen3-4b: cosine-to-brief (0 labels),cement_binders,200,0.12352941176470589,0.2529411764705882,0.21717557251908393,0.8341432225063938,0.333587786259542
qwen3-4b: cosine-to-brief (0 labels),ner,25,0.13452914798206278,0.2600896860986547,0.06858974358974354,0.7513478107522547,0.2709935897435897
qwen3-4b: cosine-to-brief (0 labels),ner,50,0.13452914798206278,0.2600896860986547,0.06858974358974354,0.7513478107522547,0.2709935897435897
qwen3-4b: cosine-to-brief (0 labels),ner,100,0.13452914798206278,0.2600896860986547,0.06858974358974354,0.7513478107522547,0.2709935897435897
qwen3-4b: cosine-to-brief (0 labels),ner,200,0.13452914798206278,0.2600896860986547,0.06858974358974354,0.7513478107522547,0.2709935897435897
qwen3-4b: cosine-to-brief (0 labels),soil_microbiome,25,0.11702127659574468,0.2553191489361702,-0.019187675070028054,0.5195372542674541,0.6998599439775911
qwen3-4b: cosine-to-brief (0 labels),soil_microbiome,50,0.11702127659574468,0.2553191489361702,-0.019187675070028054,0.5195372542674541,0.6998599439775911
qwen3-4b: cosine-to-brief (0 labels),soil_microbiome,100,0.11702127659574468,0.2553191489361702,-0.019187675070028054,0.5195372542674541,0.6998599439775911
qwen3-4b: cosine-to-brief (0 labels),soil_microbiome,200,0.11702127659574468,0.2553191489361702,-0.019187675070028054,0.5195372542674541,0.6998599439775911
qwen3-4b: cosine-to-brief (0 labels),solar_leo,25,0.11956521739130435,0.2210144927536232,0.01666666666666662,0.5888112491373361,0.2216666666666666
qwen3-4b: cosine-to-brief (0 labels),solar_leo,50,0.11956521739130435,0.2210144927536232,0.01666666666666662,0.5888112491373361,0.2216666666666666
qwen3-4b: cosine-to-brief (0 labels),solar_leo,100,0.11956521739130435,0.2210144927536232,0.01666666666666662,0.5888112491373361,0.2216666666666666
qwen3-4b: cosine-to-brief (0 labels),solar_leo,200,0.11956521739130435,0.2210144927536232,0.01666666666666662,0.5888112491373361,0.2216666666666666
qwen3-4b: cosine-to-brief (0 labels),tech_forecasting,25,0.1464968152866242,0.25477707006369427,0.033333333333333284,0.628906482528722,0.38503787878787876
qwen3-4b: cosine-to-brief (0 labels),tech_forecasting,50,0.1464968152866242,0.25477707006369427,0.033333333333333284,0.628906482528722,0.38503787878787876
qwen3-4b: cosine-to-brief (0 labels),tech_forecasting,100,0.1464968152866242,0.25477707006369427,0.033333333333333284,0.628906482528722,0.38503787878787876
qwen3-4b: cosine-to-brief (0 labels),tech_forecasting,200,0.1464968152866242,0.25477707006369427,0.033333333333333284,0.628906482528722,0.38503787878787876
qwen3-4b: embedding,carbon_capture,25,0.17182436294755563,0.3321725130336378,0.17156862745098037,0.8137410279782438,0.47965686274509794
qwen3-4b: embedding,carbon_capture,50,0.1816258666966072,0.3458408496923659,0.2231443994601889,0.8413203942623292,0.47692307692307695
qwen3-4b: embedding,carbon_capture,100,0.18756101550881318,0.3635325090850533,0.2288494077834179,0.87096557020454,0.4783756345177663
qwen3-4b: embedding,carbon_capture,200,0.2027137100019573,0.3759801986635827,0.2517182130584192,0.884794168341117,0.48773195876288666
qwen3-4b: embedding,cement_binders,25,0.14463646540743494,0.2814707740114336,0.1733473980309423,0.8484030523577212,0.33270042194092825
qwen3-4b: embedding,cement_binders,50,0.14404814878598496,0.28705326269446846,0.18490566037735848,0.8671268423030265,0.3316037735849057
qwen3-4b: embedding,cement_binders,100,0.14256918078821587,0.28579004144950293,0.20020576131687237,0.8742725707752143,0.3323045267489712
qwen3-4b: embedding,cement_binders,200,0.12810607018864476,0.27161822415337655,0.2091397849462365,0.8804037684221745,0.3268817204301075
qwen3-4b: embedding,ner,25,0.12934264551356364,0.2538274442072836,0.04361207897793259,0.7354886395860605,0.27098722415795584
qwen3-4b: embedding,ner,50,0.1306806139126341,0.25707228417445666,0.06017811704834601,0.764325287995716,0.2712213740458015
qwen3-4b: embedding,ner,100,0.1360538174225788,0.2681271982814424,0.07767295597484274,0.8086413950560567,0.2736477987421384
qwen3-4b: embedding,ner,200,0.13640410622214497,0.26947530338134407,0.08988095238095233,0.8460675411258879,0.26916666666666667
qwen3-4b: embedding,soil_microbiome,25,0.19035254145365604,0.352821336675846,0.11867469879518065,0.6987036948992758,0.7002911646586346
qwen3-4b: embedding,soil_microbiome,50,0.24322021980423789,0.4224220234445276,0.19820846905537454,0.7738694141978334,0.7007926167209553
qwen3-4b: embedding,soil_microbiome,100,0.27145323061172,0.46045234729393464,0.2174448767833981,0.8013612628833985,0.7025810635538262
qwen3-4b: embedding,soil_microbiome,200,0.28135016805177493,0.458160892600074,0.23789808917197452,0.8041457551209922,0.6978768577494692
qwen3-4b: embedding,solar_leo,25,0.12010498918757276,0.2332563289916529,0.01606965174129349,0.6469914408107145,0.22138308457711442
qwen3-4b: embedding,solar_leo,50,0.12415113134598967,0.2440750467620245,0.03473118279569888,0.738902020523764,0.21921505376344083
qwen3-4b: embedding,solar_leo,100,0.12322665357093181,0.24405960908380228,0.04358974358974355,0.7675686733692938,0.21630769230769226
qwen3-4b: embedding,solar_leo,200,0.1286731430546517,0.2530091174832632,0.05791666666666662,0.7978755941003703,0.22364583333333332
qwen3-4b: embedding,tech_forecasting,25,0.14200288233432504,0.276389223601182,0.07887029288702925,0.7101629467220711,0.3842398884239888
qwen3-4b: embedding,tech_forecasting,50,0.15152297459795191,0.2983390990286236,0.09890965732087223,0.7708217404804135,0.38118380062305296
qwen3-4b: embedding,tech_forecasting,100,0.15704512383462435,0.3084059637622374,0.12479674796747962,0.7958890893665561,0.38849593495934953
qwen3-4b: embedding,tech_forecasting,200,0.1589052948323966,0.33318083435622153,0.1083333333333333,0.8208370758366921,0.3859375
qwen3-4b: embedding PCA-64,carbon_capture,25,0.1708292826542297,0.3321725130336378,0.1727941176470588,0.8133947961585055,0.47965686274509794
qwen3-4b: embedding PCA-64,carbon_capture,50,0.17996823033221182,0.34586307191458815,0.22287449392712547,0.8414339897821574,0.47692307692307695
qwen3-4b: embedding PCA-64,carbon_capture,100,0.19238029317136823,0.36156283528939587,0.2126057529610829,0.864507486282387,0.4783756345177663
qwen3-4b: embedding PCA-64,carbon_capture,200,0.19542912950309105,0.3743876060709901,0.20567010309278347,0.8590656823239694,0.48773195876288666
qwen3-4b: embedding PCA-64,cement_binders,25,0.14463646540743494,0.2814707740114336,0.17390998593530232,0.8484069796378129,0.33270042194092825
qwen3-4b: embedding PCA-64,cement_binders,50,0.14355432162549112,0.28508457285392513,0.18396226415094338,0.8668022849629383,0.3316037735849057
qwen3-4b: embedding PCA-64,cement_binders,100,0.13553419383293164,0.27359776939386415,0.19197530864197523,0.8505344489744133,0.3323045267489712
qwen3-4b: embedding PCA-64,cement_binders,200,0.1347411959254811,0.27140915999082404,0.2016129032258064,0.8676696625591481,0.3268817204301075
qwen3-4b: embedding PCA-64,ner,25,0.12966944289918456,0.2541526474593161,0.044541231126596935,0.735443839104841,0.27098722415795584
qwen3-4b: embedding PCA-64,ner,50,0.13139364678078022,0.2570722841744566,0.059669211195928704,0.7648436421239528,0.2712213740458015
qwen3-4b: embedding PCA-64,ner,100,0.13471443695184646,0.2645655747061542,0.08270440251572324,0.8042063213596891,0.2736477987421384
qwen3-4b: embedding PCA-64,ner,200,0.13224566253160971,0.2627254573066893,0.09107142857142851,0.8111718605191086,0.26916666666666667
qwen3-4b: embedding PCA-64,soil_microbiome,25,0.18882868217117607,0.35127094907894674,0.11746987951807225,0.6989113240353287,0.7002911646586346
qwen3-4b: embedding PCA-64,soil_microbiome,50,0.24651704158141813,0.42488486515296076,0.19885993485342013,0.7750514324966429,0.7007926167209553
qwen3-4b: embedding PCA-64,soil_microbiome,100,0.26319279730986694,0.4503311229927548,0.21381322957198443,0.7944796049046806,0.7025810635538262
qwen3-4b: embedding PCA-64,soil_microbiome,200,0.2911948159704709,0.47020774637821755,0.2361995753715499,0.8048031189036595,0.6978768577494692
qwen3-4b: embedding PCA-64,solar_leo,25,0.12089036436274836,0.23378323579062055,0.01606965174129349,0.6473361968493062,0.22138308457711442
qwen3-4b: embedding PCA-64,solar_leo,50,0.12415113134598967,0.24576309059528784,0.035161290322580606,0.7395438713843924,0.21921505376344083
qwen3-4b: embedding PCA-64,solar_leo,100,0.12417322876367541,0.24371846227555932,0.043076923076923034,0.7604992584758588,0.21630769230769226
qwen3-4b: embedding PCA-64,solar_leo,200,0.12435568822136107,0.24591656005943216,0.04916666666666662,0.7652496983845049,0.22364583333333332
qwen3-4b: embedding PCA-64,tech_forecasting,25,0.14151979054688543,0.2754230400263028,0.07803347280334724,0.7104236940189412,0.3842398884239888
qwen3-4b: embedding PCA-64,tech_forecasting,50,0.15099387406885137,0.29778813484129574,0.09859813084112144,0.7701734393940395,0.38118380062305296
qwen3-4b: embedding PCA-64,tech_forecasting,100,0.15553338022583776,0.3048735831006612,0.13333333333333325,0.8018237568182099,0.38849593495934953
qwen3-4b: embedding PCA-64,tech_forecasting,200,0.15543682636392814,0.3213710252806871,0.15,0.8323406105577649,0.3859375
qwen3-4b: PCA-64 + lexical,carbon_capture,25,0.17381078388829285,0.33073650018722095,0.13014705882352937,0.7870102483696815,0.47965686274509794
qwen3-4b: PCA-64 + lexical,carbon_capture,50,0.183343511655054,0.3513642974570569,0.17105263157894735,0.8283921017388599,0.47692307692307695
qwen3-4b: PCA-64 + lexical,carbon_capture,100,0.186853465425712,0.3524187131670262,0.18248730964467,0.8451011394039128,0.4783756345177663
qwen3-4b: PCA-64 + lexical,carbon_capture,200,0.19961125689950412,0.37389966544019226,0.21804123711340204,0.878190621284555,0.48773195876288666
qwen3-4b: PCA-64 + lexical,cement_binders,25,0.14287072237422702,0.2744727695518412,0.17841068917018282,0.8519468573593454,0.33270042194092825
qwen3-4b: PCA-64 + lexical,cement_binders,50,0.14445422050275886,0.2845825491648649,0.19182389937106914,0.8706650944891801,0.3316037735849057
qwen3-4b: PCA-64 + lexical,cement_binders,100,0.1424728747497407,0.2774253581439951,0.18868312757201638,0.8609412753467248,0.3323045267489712
qwen3-4b: PCA-64 + lexical,cement_binders,200,0.12976227789136408,0.271184911602561,0.1973118279569892,0.8764936550066403,0.3268817204301075
qwen3-4b: PCA-64 + lexical,ner,25,0.11409131019437722,0.2311397700424979,0.05360046457607428,0.7048577075269089,0.27098722415795584
qwen3-4b: PCA-64 + lexical,ner,50,0.12182306270090845,0.24576224943630803,0.05941475826972007,0.741625177275854,0.2712213740458015
qwen3-4b: PCA-64 + lexical,ner,100,0.1302661852221777,0.25391759751254583,0.07452830188679242,0.7904640950347307,0.2736477987421384
qwen3-4b: PCA-64 + lexical,ner,200,0.13478715923256923,0.2628195849274523,0.0821428571428571,0.822708065411955,0.26916666666666667
qwen3-4b: PCA-64 + lexical,soil_microbiome,25,0.17288756473176609,0.3164434289088966,0.06726907630522083,0.6456825163544752,0.7002911646586346
qwen3-4b: PCA-64 + lexical,soil_microbiome,50,0.2143472556654369,0.393996144793903,0.11786102062975022,0.7315388732190041,0.7007926167209553
qwen3-4b: PCA-64 + lexical,soil_microbiome,100,0.24750151055938338,0.431157611496132,0.16348897535667958,0.7685269808958022,0.7025810635538262
qwen3-4b: PCA-64 + lexical,soil_microbiome,200,0.27545376954876655,0.44716200719086646,0.23492569002123143,0.7925815752157587,0.6978768577494692
qwen3-4b: PCA-64 + lexical,solar_leo,25,0.11883197203180584,0.23116744447945944,0.009701492537313387,0.6283459708070548,0.22138308457711442
qwen3-4b: PCA-64 + lexical,solar_leo,50,0.1210366115932822,0.23960723868844475,0.02784946236559135,0.7124316262893446,0.21921505376344083
qwen3-4b: PCA-64 + lexical,solar_leo,100,0.1241970345265851,0.24304995186198122,0.03589743589743585,0.7470324508646302,0.21630769230769226
qwen3-4b: PCA-64 + lexical,solar_leo,200,0.12703251983135969,0.2523801955697056,0.05041666666666663,0.7872163719915761,0.22364583333333332
qwen3-4b: PCA-64 + lexical,tech_forecasting,25,0.12411140500744015,0.24396998148863414,0.05822873082287303,0.6499730122473591,0.3842398884239888
qwen3-4b: PCA-64 + lexical,tech_forecasting,50,0.1440706138676843,0.2820128498473575,0.08831775700934576,0.7298304910898263,0.38118380062305296
qwen3-4b: PCA-64 + lexical,tech_forecasting,100,0.14932931515176834,0.2973834438146267,0.09999999999999994,0.7693957681745558,0.38849593495934953
qwen3-4b: PCA-64 + lexical,tech_forecasting,200,0.15705344298054474,0.3151941451719185,0.11145833333333328,0.8101689111243302,0.3859375
qwen3-8b: cosine-to-brief (0 labels),carbon_capture,25,0.14965986394557823,0.30612244897959184,0.12171717171717167,0.7229024943310658,0.4797979797979797
qwen3-8b: cosine-to-brief (0 labels),carbon_capture,50,0.14965986394557823,0.30612244897959184,0.12171717171717167,0.7229024943310658,0.4797979797979797
qwen3-8b: cosine-to-brief (0 labels),carbon_capture,100,0.14965986394557823,0.30612244897959184,0.12171717171717167,0.7229024943310658,0.4797979797979797
qwen3-8b: cosine-to-brief (0 labels),carbon_capture,200,0.14965986394557823,0.30612244897959184,0.12171717171717167,0.7229024943310658,0.4797979797979797
qwen3-8b: cosine-to-brief (0 labels),cement_binders,25,0.12941176470588237,0.2529411764705882,0.21717557251908393,0.8428388746803069,0.333587786259542
qwen3-8b: cosine-to-brief (0 labels),cement_binders,50,0.12941176470588237,0.2529411764705882,0.21717557251908393,0.8428388746803069,0.333587786259542
qwen3-8b: cosine-to-brief (0 labels),cement_binders,100,0.12941176470588237,0.2529411764705882,0.21717557251908393,0.8428388746803069,0.333587786259542
qwen3-8b: cosine-to-brief (0 labels),cement_binders,200,0.12941176470588237,0.2529411764705882,0.21717557251908393,0.8428388746803069,0.333587786259542
qwen3-8b: cosine-to-brief (0 labels),ner,25,0.12556053811659193,0.24663677130044842,0.06538461538461535,0.7224769486572278,0.2709935897435897
qwen3-8b: cosine-to-brief (0 labels),ner,50,0.12556053811659193,0.24663677130044842,0.06538461538461535,0.7224769486572278,0.2709935897435897
qwen3-8b: cosine-to-brief (0 labels),ner,100,0.12556053811659193,0.24663677130044842,0.06538461538461535,0.7224769486572278,0.2709935897435897
qwen3-8b: cosine-to-brief (0 labels),ner,200,0.12556053811659193,0.24663677130044842,0.06538461538461535,0.7224769486572278,0.2709935897435897
qwen3-8b: cosine-to-brief (0 labels),soil_microbiome,25,0.1595744680851064,0.24468085106382978,0.011624649859943936,0.5274249656176685,0.6998599439775911
qwen3-8b: cosine-to-brief (0 labels),soil_microbiome,50,0.1595744680851064,0.24468085106382978,0.011624649859943936,0.5274249656176685,0.6998599439775911
qwen3-8b: cosine-to-brief (0 labels),soil_microbiome,100,0.1595744680851064,0.24468085106382978,0.011624649859943936,0.5274249656176685,0.6998599439775911
qwen3-8b: cosine-to-brief (0 labels),soil_microbiome,200,0.1595744680851064,0.24468085106382978,0.011624649859943936,0.5274249656176685,0.6998599439775911
qwen3-8b: cosine-to-brief (0 labels),solar_leo,25,0.12681159420289856,0.21739130434782608,0.011111111111111065,0.5169082125603863,0.2216666666666666
qwen3-8b: cosine-to-brief (0 labels),solar_leo,50,0.12681159420289856,0.21739130434782608,0.011111111111111065,0.5169082125603863,0.2216666666666666
qwen3-8b: cosine-to-brief (0 labels),solar_leo,100,0.12681159420289856,0.21739130434782608,0.011111111111111065,0.5169082125603863,0.2216666666666666
qwen3-8b: cosine-to-brief (0 labels),solar_leo,200,0.12681159420289856,0.21739130434782608,0.011111111111111065,0.5169082125603863,0.2216666666666666
qwen3-8b: cosine-to-brief (0 labels),tech_forecasting,25,0.12738853503184713,0.2484076433121019,0.03712121212121208,0.6390856598607061,0.38503787878787876
qwen3-8b: cosine-to-brief (0 labels),tech_forecasting,50,0.12738853503184713,0.2484076433121019,0.03712121212121208,0.6390856598607061,0.38503787878787876
qwen3-8b: cosine-to-brief (0 labels),tech_forecasting,100,0.12738853503184713,0.2484076433121019,0.03712121212121208,0.6390856598607061,0.38503787878787876
qwen3-8b: cosine-to-brief (0 labels),tech_forecasting,200,0.12738853503184713,0.2484076433121019,0.03712121212121208,0.6390856598607061,0.38503787878787876
qwen3-8b: embedding,carbon_capture,25,0.1747344169101451,0.3395573786968524,0.20073529411764698,0.8302144775092473,0.47965686274509794
qwen3-8b: embedding,carbon_capture,50,0.18651978098943323,0.35450942707889993,0.2360998650472334,0.8581649108200659,0.47692307692307695
qwen3-8b: embedding,carbon_capture,100,0.19506668634777732,0.36624230193181284,0.2437394247038917,0.8797088086656158,0.4783756345177663
qwen3-8b: embedding,carbon_capture,200,0.20289020282130724,0.36727762874672704,0.2675257731958762,0.8942417567272422,0.48773195876288666
qwen3-8b: embedding,cement_binders,25,0.1476389726788999,0.28797933624428673,0.1834739803094233,0.8672968931356988,0.33270042194092825
qwen3-8b: embedding,cement_binders,50,0.14552414124324115,0.2894901698362395,0.19150943396226416,0.8825999365889036,0.3316037735849057
qwen3-8b: embedding,cement_binders,100,0.1432102431176216,0.28901773660833197,0.20390946502057608,0.8897280947387486,0.3323045267489712
qwen3-8b: embedding,cement_binders,200,0.13635033473645883,0.27787211224324987,0.2188172043010752,0.8927318938501315,0.3268817204301075
qwen3-8b: embedding,ner,25,0.12932199781168585,0.25281831183558107,0.05545876887340297,0.7499258868913953,0.27098722415795584
qwen3-8b: embedding,ner,50,0.12851985038044028,0.2549210765961053,0.0749363867684478,0.7717612024098671,0.2712213740458015
qwen3-8b: embedding,ner,100,0.1343021462065113,0.2610390304091604,0.09465408805031443,0.8157035354475098,0.2736477987421384
qwen3-8b: embedding,ner,200,0.13383836766585627,0.26369355206490347,0.0928571428571428,0.8455636828934773,0.26916666666666667
qwen3-8b: embedding,soil_microbiome,25,0.18652634196185908,0.33091235004149594,0.11164658634538148,0.6860834126086608,0.7002911646586346
qwen3-8b: embedding,soil_microbiome,50,0.21990478349348513,0.3909029828542011,0.15043431053203038,0.746029892409332,0.7007926167209553
qwen3-8b: embedding,soil_microbiome,100,0.24631797408737033,0.4308890236902474,0.1715304798962386,0.7662843789073833,0.7025810635538262
qwen3-8b: embedding,soil_microbiome,200,0.2601871419135638,0.43196188542257896,0.1355626326963906,0.7682896986807194,0.6978768577494692
qwen3-8b: embedding,solar_leo,25,0.11830123295359361,0.2334830637541394,0.012487562189054679,0.6536472625640892,0.22138308457711442
qwen3-8b: embedding,solar_leo,50,0.12441390162072628,0.24688177737353495,0.029999999999999957,0.745043030294497,0.21921505376344083
qwen3-8b: embedding,solar_leo,100,0.12387846479470063,0.24709426826997796,0.04076923076923072,0.7707411241059963,0.21630769230769226
qwen3-8b: embedding,solar_leo,200,0.12701925998881725,0.25131924330174393,0.05624999999999996,0.8021959202170795,0.22364583333333332
qwen3-8b: embedding,tech_forecasting,25,0.13630873720457984,0.2664946268076729,0.08026499302649927,0.7081510683815503,0.3842398884239888
qwen3-8b: embedding,tech_forecasting,50,0.1457785807973492,0.2900403788446797,0.11791277258566972,0.7749146427016361,0.38118380062305296
qwen3-8b: embedding,tech_forecasting,100,0.15008031924310303,0.3008100178310123,0.1463414634146341,0.8047228555614061,0.38849593495934953
qwen3-8b: embedding,tech_forecasting,200,0.1569445105186711,0.31312459068105203,0.1302083333333333,0.8273200871029027,0.3859375
qwen3-8b: embedding PCA-64,carbon_capture,25,0.1747344169101451,0.3395502744058606,0.20171568627450975,0.8308169288150682,0.47965686274509794
qwen3-8b: embedding PCA-64,carbon_capture,50,0.18651978098943323,0.3550696511685358,0.23690958164642367,0.858173776355235,0.47692307692307695
qwen3-8b: embedding PCA-64,carbon_capture,100,0.19091012638076518,0.36288444788414675,0.21531302876480535,0.8671798734062691,0.4783756345177663
qwen3-8b: embedding PCA-64,carbon_capture,200,0.2008784526666999,0.37100454103290986,0.2414089347079037,0.8711254314952973,0.48773195876288666
qwen3-8b: embedding PCA-64,cement_binders,25,0.148077569170128,0.2875407397530587,0.1820675105485232,0.8666827582314144,0.33270042194092825
qwen3-8b: embedding PCA-64,cement_binders,50,0.14601433732167252,0.2885168819703685,0.19056603773584904,0.8821141108314385,0.3316037735849057
qwen3-8b: embedding PCA-64,cement_binders,100,0.139369008049714,0.2851203071562568,0.19403292181069948,0.8726570955565528,0.3323045267489712
qwen3-8b: embedding PCA-64,cement_binders,200,0.13810108533188212,0.2678183578123871,0.1962365591397849,0.8740118160815301,0.3268817204301075
qwen3-8b: embedding PCA-64,ner,25,0.1293188250215342,0.25281831183558107,0.05476190476190471,0.7499846772982136,0.27098722415795584
qwen3-8b: embedding PCA-64,ner,50,0.12923863367986874,0.2549210765961053,0.0749363867684478,0.7721371744237484,0.2712213740458015
qwen3-8b: embedding PCA-64,ner,100,0.13386354971528325,0.2565936018518581,0.09371069182389931,0.7969969480789222,0.2736477987421384
qwen3-8b: embedding PCA-64,ner,200,0.13226161460176142,0.2636247228446284,0.094047619047619,0.8192885407924368,0.26916666666666667
qwen3-8b: embedding PCA-64,soil_microbiome,25,0.18652634196185908,0.3316543279229457,0.11184738955823288,0.686502412072758,0.7002911646586346
qwen3-8b: embedding PCA-64,soil_microbiome,50,0.2197166886983409,0.39414664617318723,0.15152008686210638,0.7469036324920734,0.7007926167209553
qwen3-8b: embedding PCA-64,soil_microbiome,100,0.23988755913842555,0.41560939261937246,0.1463683527885862,0.7568345102728602,0.7025810635538262
qwen3-8b: embedding PCA-64,soil_microbiome,200,0.2710844300001679,0.41503347785463657,0.14023354564755836,0.7666886337849821,0.6978768577494692
qwen3-8b: embedding PCA-64,solar_leo,25,0.11855453197190702,0.23427048964346747,0.01268656716417906,0.6551389646607737,0.22138308457711442
qwen3-8b: embedding PCA-64,solar_leo,50,0.12440799145524165,0.24659926144719646,0.0297849462365591,0.7458206910116069,0.21921505376344083
qwen3-8b: embedding PCA-64,solar_leo,100,0.12488237720476306,0.24639549936340302,0.045641025641025595,0.7588359895815654,0.21630769230769226
qwen3-8b: embedding PCA-64,solar_leo,200,0.12431999448143681,0.249196228701965,0.03749999999999996,0.7630828360247714,0.22364583333333332
qwen3-8b: embedding PCA-64,tech_forecasting,25,0.13582277893922864,0.26741421077520205,0.07942817294281725,0.7081543580050326,0.3842398884239888
qwen3-8b: embedding PCA-64,tech_forecasting,50,0.146329544984677,0.290549284697097,0.11697819314641737,0.7750543030653517,0.38118380062305296
qwen3-8b: embedding PCA-64,tech_forecasting,100,0.15218625932460064,0.30123060842542976,0.1390243902439024,0.7998427383082268,0.38849593495934953
qwen3-8b: embedding PCA-64,tech_forecasting,200,0.15349725521383067,0.31680504178281516,0.14374999999999993,0.8255707027829976,0.3859375
qwen3-8b: PCA-64 + lexical,carbon_capture,25,0.17480349498740594,0.3341912512148342,0.12671568627450977,0.7930592433305607,0.47965686274509794
qwen3-8b: PCA-64 + lexical,carbon_capture,50,0.18168579114691938,0.3558310154776617,0.18049932523616727,0.8384631158375544,0.47692307692307695
qwen3-8b: PCA-64 + lexical,carbon_capture,100,0.1888154511620675,0.35994366509037035,0.17842639593908624,0.8508003721227925,0.4783756345177663
qwen3-8b: PCA-64 + lexical,carbon_capture,200,0.2027586491897536,0.3743374331398648,0.2503436426116838,0.8837476243205963,0.48773195876288666
qwen3-8b: PCA-64 + lexical,cement_binders,25,0.14287880745258477,0.2779423249892726,0.18459915611814343,0.8593584738871556,0.33270042194092825
qwen3-8b: PCA-64 + lexical,cement_binders,50,0.14345596614031467,0.2851354388927843,0.190566037735849,0.8806084758013716,0.3316037735849057
qwen3-8b: PCA-64 + lexical,cement_binders,100,0.14246662432280818,0.2837856419530144,0.19485596707818922,0.8775240845762752,0.3323045267489712
qwen3-8b: PCA-64 + lexical,cement_binders,200,0.13459594877154657,0.27123765264404726,0.1994623655913978,0.8733350028983422,0.3268817204301075
qwen3-8b: PCA-64 + lexical,ner,25,0.11800336068009774,0.2317698359568734,0.05104529616724733,0.7147757688377533,0.27098722415795584
qwen3-8b: PCA-64 + lexical,ner,50,0.12291538665704885,0.2461097876498203,0.06501272264631039,0.7494589203328409,0.2712213740458015
qwen3-8b: PCA-64 + lexical,ner,100,0.12678012304829708,0.253528631079184,0.07924528301886787,0.7917552049863201,0.2736477987421384
qwen3-8b: PCA-64 + lexical,ner,200,0.13307785171203648,0.2628423279836427,0.10178571428571423,0.8422155925185097,0.26916666666666667
qwen3-8b: PCA-64 + lexical,soil_microbiome,25,0.1620345312540964,0.3179734344288375,0.07108433734939754,0.6383349495376864,0.7002911646586346
qwen3-8b: PCA-64 + lexical,soil_microbiome,50,0.20604533716355897,0.3784755366705674,0.09853420195439737,0.7122638539509349,0.7007926167209553
qwen3-8b: PCA-64 + lexical,soil_microbiome,100,0.23126892680515815,0.39699009730963297,0.1297665369649805,0.7439547558045465,0.7025810635538262
qwen3-8b: PCA-64 + lexical,soil_microbiome,200,0.24157665039728796,0.40164984036036544,0.17845010615711251,0.7700291583177088,0.6978768577494692
qwen3-8b: PCA-64 + lexical,solar_leo,25,0.1165020695951021,0.22908607287435165,0.011094527363184033,0.6301427944980085,0.22138308457711442
qwen3-8b: PCA-64 + lexical,solar_leo,50,0.12132421571747595,0.24016603876559112,0.02827956989247307,0.7166840288646176,0.21921505376344083
qwen3-8b: PCA-64 + lexical,solar_leo,100,0.12486485527070988,0.24271407173453563,0.038205128205128176,0.7450903899440373,0.21630769230769226
qwen3-8b: PCA-64 + lexical,solar_leo,200,0.12812082090466143,0.2518458292793958,0.04333333333333329,0.787558630222368,0.22364583333333332
qwen3-8b: PCA-64 + lexical,tech_forecasting,25,0.12365455570643734,0.2429498323518856,0.055160390516039014,0.6481254233255965,0.3842398884239888
qwen3-8b: PCA-64 + lexical,tech_forecasting,50,0.14568842398976306,0.28099101678739696,0.0814641744548286,0.7370092484512336,0.38118380062305296
qwen3-8b: PCA-64 + lexical,tech_forecasting,100,0.14727514294702257,0.2967610420931917,0.10975609756097555,0.7748303717546989,0.38849593495934953
qwen3-8b: PCA-64 + lexical,tech_forecasting,200,0.1589052948323966,0.3120213876624975,0.1510416666666666,0.8116380397407307,0.3859375
