variant,use_case,recall_at_10pct,recall_at_20pct,wss_at_95,roc_auc,wss_ceiling,wss_sd
lexical only (Tier 1b),carbon_capture,0.1687074829931973,0.3360544217687075,0.07121212121212116,0.7616054421768708,0.4797979797979798,0.017002533566266124
lexical only (Tier 1b),cement_binders,0.14941176470588238,0.291764705882353,0.20343511450381677,0.8814066496163683,0.333587786259542,0.009952980771301747
lexical only (Tier 1b),ner,0.11210762331838567,0.23856502242152464,0.05641025641025636,0.7171864765455738,0.2709935897435897,0.005733507634614844
lexical only (Tier 1b),soil_microbiome,0.1808510638297872,0.31063829787234043,0.037394957983193235,0.6793544211633364,0.6998599439775911,0.016500477843163185
lexical only (Tier 1b),solar_leo,0.11666666666666665,0.2253623188405797,0.007777777777777733,0.6098775017253278,0.2216666666666666,0.00691661088777152
lexical only (Tier 1b),tech_forecasting,0.12738853503184713,0.2662420382165605,0.03484848484848481,0.6574796118816596,0.38503787878787876,0.011857936244317068
jasper: cosine-to-brief (0 labels),carbon_capture,0.17006802721088435,0.3129251700680272,0.12508417508417505,0.7509750566893424,0.4797979797979797,
jasper: cosine-to-brief (0 labels),cement_binders,0.12352941176470589,0.25882352941176473,0.2057251908396946,0.8282608695652174,0.333587786259542,
jasper: cosine-to-brief (0 labels),ner,0.13901345291479822,0.2600896860986547,0.08461538461538456,0.7735174081725199,0.2709935897435897,
jasper: cosine-to-brief (0 labels),soil_microbiome,0.1702127659574468,0.3191489361702128,-0.007983193277310965,0.6027829463635628,0.6998599439775911,
jasper: cosine-to-brief (0 labels),solar_leo,0.11956521739130435,0.21739130434782608,0.005555555555555508,0.5277777777777778,0.2216666666666666,
jasper: cosine-to-brief (0 labels),tech_forecasting,0.14012738853503184,0.25477707006369427,0.07878787878787874,0.6724805047919521,0.38503787878787876,
jasper: embedding,carbon_capture,0.2,0.3727891156462585,0.253030303030303,0.8893786848072563,0.4797979797979798,0.039980949788006453
jasper: embedding,cement_binders,0.1411764705882353,0.28470588235294114,0.19198473282442743,0.8649936061381075,0.333587786259542,0.01031240922603534
jasper: embedding,ner,0.12376681614349776,0.2547085201793721,0.08397435897435893,0.799042676475034,0.2709935897435897,0.00972163518468148
jasper: embedding,soil_microbiome,0.24468085106382978,0.41063829787234046,0.15616246498599434,0.7580373756168595,0.6998599439775911,0.019059972925718767
jasper: embedding,solar_leo,0.12681159420289856,0.25,0.04999999999999995,0.7816770186335404,0.2216666666666666,0.012576923802968631
jasper: embedding,tech_forecasting,0.15414012738853503,0.310828025477707,0.1439393939393939,0.8295434252038811,0.38503787878787876,0.010846834138845721
jasper: embedding PCA-64,carbon_capture,0.19047619047619047,0.36462585034013606,0.18771043771043766,0.8586938775510206,0.4797979797979798,0.04058600998061727
jasper: embedding PCA-64,cement_binders,0.12941176470588237,0.2635294117647059,0.17977099236641217,0.833171355498721,0.333587786259542,0.006271632337845414
jasper: embedding PCA-64,ner,0.1309417040358744,0.2556053811659193,0.08846153846153842,0.8052199324834988,0.2709935897435897,0.023267553093437872
jasper: embedding PCA-64,soil_microbiome,0.3,0.4723404255319149,0.14439775910364144,0.7938111803252165,0.6998599439775911,0.028262180964995942
jasper: embedding PCA-64,solar_leo,0.12101449275362319,0.24202898550724639,0.035555555555555514,0.7486801242236024,0.2216666666666666,0.013944333775567922
jasper: embedding PCA-64,tech_forecasting,0.1503184713375796,0.30318471337579617,0.15757575757575754,0.8354068694565153,0.38503787878787876,0.020468569827433787
jasper: PCA-64 + lexical,carbon_capture,0.19727891156462585,0.3755102040816326,0.21397306397306393,0.8684444444444445,0.4797979797979798,0.044769751215069806
jasper: PCA-64 + lexical,cement_binders,0.13999999999999999,0.2788235294117647,0.19885496183206103,0.8637979539641943,0.333587786259542,0.009112470523903292
jasper: PCA-64 + lexical,ner,0.13183856502242153,0.2618834080717488,0.08333333333333329,0.8140575401823954,0.2709935897435897,0.01849556159776091
jasper: PCA-64 + lexical,soil_microbiome,0.28085106382978725,0.44468085106382976,0.1449579831932773,0.7835773804708357,0.6998599439775911,0.02297943339158956
jasper: PCA-64 + lexical,solar_leo,0.12463768115942028,0.24927536231884057,0.03944444444444439,0.7557194616977226,0.2216666666666666,0.009899183156225256
jasper: PCA-64 + lexical,tech_forecasting,0.15286624203821655,0.2917197452229299,0.1651515151515151,0.8214298470147032,0.38503787878787876,0.02166057341741788
qwen3-4b: cosine-to-brief (0 labels),carbon_capture,0.17687074829931973,0.32653061224489793,0.16212121212121208,0.7980498866213153,0.4797979797979797,
qwen3-4b: cosine-to-brief (0 labels),cement_binders,0.12352941176470589,0.2529411764705882,0.21717557251908393,0.8341432225063938,0.333587786259542,
qwen3-4b: cosine-to-brief (0 labels),ner,0.13452914798206278,0.2600896860986547,0.06858974358974354,0.7513478107522547,0.2709935897435897,
qwen3-4b: cosine-to-brief (0 labels),soil_microbiome,0.11702127659574468,0.2553191489361702,-0.019187675070028054,0.5195372542674541,0.6998599439775911,
qwen3-4b: cosine-to-brief (0 labels),solar_leo,0.11956521739130435,0.2210144927536232,0.01666666666666662,0.5888112491373361,0.2216666666666666,
qwen3-4b: cosine-to-brief (0 labels),tech_forecasting,0.1464968152866242,0.25477707006369427,0.033333333333333284,0.628906482528722,0.38503787878787876,
qwen3-4b: embedding,carbon_capture,0.19455782312925168,0.3727891156462585,0.2449494949494949,0.887265306122449,0.4797979797979798,0.02253629701101887
qwen3-4b: embedding,cement_binders,0.13999999999999999,0.28352941176470586,0.19122137404580147,0.8692519181585677,0.333587786259542,0.01024153272137308
qwen3-4b: embedding,ner,0.13811659192825113,0.26905829596412556,0.08141025641025637,0.8396080012092508,0.2709935897435897,0.016343011261515345
qwen3-4b: embedding,soil_microbiome,0.2851063829787234,0.43617021276595747,0.22507002801120443,0.7933905023865384,0.6998599439775911,0.034272255281081875
qwen3-4b: embedding,solar_leo,0.12898550724637683,0.25,0.058888888888888845,0.7991157694962042,0.2216666666666666,0.009899183156225259
qwen3-4b: embedding,tech_forecasting,0.16560509554140126,0.32611464968152865,0.11439393939393935,0.8207869516042621,0.38503787878787876,0.01215667161809183
qwen3-4b: embedding PCA-64,carbon_capture,0.19455782312925168,0.36734693877551017,0.20858585858585857,0.8679455782312926,0.4797979797979798,0.04904742824142799
qwen3-4b: embedding PCA-64,cement_binders,0.1388235294117647,0.28352941176470586,0.19885496183206103,0.878695652173913,0.333587786259542,0.01333148793631525
qwen3-4b: embedding PCA-64,ner,0.1273542600896861,0.2565022421524664,0.07628205128205125,0.8126467476192876,0.2709935897435897,0.016437027442253963
qwen3-4b: embedding PCA-64,soil_microbiome,0.27872340425531916,0.4723404255319149,0.1679271708683473,0.7928808348839091,0.6998599439775911,0.04354819000200565
qwen3-4b: embedding PCA-64,solar_leo,0.1181159420289855,0.2391304347826087,0.05499999999999996,0.7658730158730158,0.2216666666666666,0.014353345203070902
qwen3-4b: embedding PCA-64,tech_forecasting,0.16178343949044585,0.3235668789808917,0.15303030303030302,0.830454193702006,0.38503787878787876,0.02297841043651985
qwen3-4b: PCA-64 + lexical,carbon_capture,0.19727891156462585,0.3795918367346939,0.22070707070707068,0.8744761904761905,0.4797979797979798,0.016252550015013034
qwen3-4b: PCA-64 + lexical,cement_binders,0.1364705882352941,0.2823529411764706,0.20648854961832055,0.8727493606138108,0.333587786259542,0.008274611980411758
qwen3-4b: PCA-64 + lexical,ner,0.13452914798206278,0.2663677130044843,0.07051282051282047,0.8246586385851767,0.2709935897435897,0.0227315682390989
qwen3-4b: PCA-64 + lexical,soil_microbiome,0.2829787234042553,0.4553191489361702,0.21274509803921565,0.7919504894426017,0.6998599439775911,0.04412987247800108
qwen3-4b: PCA-64 + lexical,solar_leo,0.12608695652173912,0.24782608695652178,0.06166666666666663,0.7952294685990338,0.2216666666666666,0.008193267335418126
qwen3-4b: PCA-64 + lexical,tech_forecasting,0.16178343949044585,0.31719745222929935,0.13712121212121206,0.8202273944877672,0.38503787878787876,0.009877579401822198
qwen3-8b: cosine-to-brief (0 labels),carbon_capture,0.14965986394557823,0.30612244897959184,0.12171717171717167,0.7229024943310658,0.4797979797979797,
qwen3-8b: cosine-to-brief (0 labels),cement_binders,0.12941176470588237,0.2529411764705882,0.21717557251908393,0.8428388746803069,0.333587786259542,
qwen3-8b: cosine-to-brief (0 labels),ner,0.12556053811659193,0.24663677130044842,0.06538461538461535,0.7224769486572278,0.2709935897435897,
qwen3-8b: cosine-to-brief (0 labels),soil_microbiome,0.1595744680851064,0.24468085106382978,0.011624649859943936,0.5274249656176685,0.6998599439775911,
qwen3-8b: cosine-to-brief (0 labels),solar_leo,0.12681159420289856,0.21739130434782608,0.011111111111111065,0.5169082125603863,0.2216666666666666,
qwen3-8b: cosine-to-brief (0 labels),tech_forecasting,0.12738853503184713,0.2484076433121019,0.03712121212121208,0.6390856598607061,0.38503787878787876,
qwen3-8b: embedding,carbon_capture,0.19319727891156463,0.3700680272108844,0.2759259259259259,0.8965714285714286,0.4797979797979798,0.00871527212494598
qwen3-8b: embedding,cement_binders,0.14470588235294118,0.29294117647058826,0.20190839694656484,0.8950511508951406,0.333587786259542,0.008951175114166854
qwen3-8b: embedding,ner,0.13632286995515694,0.2663677130044843,0.1025641025641025,0.8447573940645942,0.2709935897435897,0.013711057459107338
qwen3-8b: embedding,soil_microbiome,0.24680851063829787,0.41914893617021276,0.12422969187675066,0.7550036404821616,0.6998599439775911,0.03171580919824798
qwen3-8b: embedding,solar_leo,0.12608695652173912,0.24855072463768116,0.05166666666666662,0.7960705659075225,0.2216666666666666,0.011385500851066219
qwen3-8b: embedding,tech_forecasting,0.16305732484076432,0.3159235668789809,0.15227272727272725,0.8248110006548008,0.38503787878787876,0.013551927136362362
qwen3-8b: embedding PCA-64,carbon_capture,0.19047619047619047,0.364625850340136,0.22609427609427604,0.8752743764172335,0.4797979797979798,0.026936026936026942
qwen3-8b: embedding PCA-64,cement_binders,0.14352941176470585,0.2858823529411765,0.19809160305343507,0.8729219948849106,0.333587786259542,0.011127770791689497
qwen3-8b: embedding PCA-64,ner,0.12466367713004482,0.2538116591928251,0.09294871794871791,0.8136091096891217,0.2709935897435897,0.019964630131278766
qwen3-8b: embedding PCA-64,soil_microbiome,0.23829787234042552,0.44680851063829785,0.13599439775910357,0.7783593560391553,0.6998599439775911,0.03894464154944446
qwen3-8b: embedding PCA-64,solar_leo,0.12318840579710147,0.24637681159420288,0.052777777777777736,0.7844116632160112,0.2216666666666666,0.014958791130929178
qwen3-8b: embedding PCA-64,tech_forecasting,0.15414012738853503,0.30318471337579617,0.15227272727272725,0.8175903327579022,0.38503787878787876,0.012733133571190616
qwen3-8b: PCA-64 + lexical,carbon_capture,0.19319727891156463,0.3687074829931972,0.2503367003367003,0.8840181405895692,0.4797979797979798,0.028708516831369976
qwen3-8b: PCA-64 + lexical,cement_binders,0.14235294117647057,0.28117647058823525,0.20114503816793888,0.8804731457800511,0.333587786259542,0.012485058957096281
qwen3-8b: PCA-64 + lexical,ner,0.1336322869955157,0.2618834080717489,0.1224358974358974,0.8481886431198671,0.2709935897435897,0.016868842778129185
qwen3-8b: PCA-64 + lexical,soil_microbiome,0.23191489361702128,0.4319148936170213,0.16456582633053218,0.773885607960521,0.6998599439775911,0.0388437746575884
qwen3-8b: PCA-64 + lexical,solar_leo,0.12391304347826089,0.24782608695652172,0.04833333333333329,0.8034937888198759,0.2216666666666666,0.016029486718059455
qwen3-8b: PCA-64 + lexical,tech_forecasting,0.15668789808917197,0.310828025477707,0.16590909090909084,0.8231561402464432,0.38503787878787876,0.021923933528011794
