variant,review,n_labels,pct_draws_unusable,recall_at_10pct,recall_at_20pct,wss_at_95,roc_auc,wss_ceiling
lexical only (Tier 1b),Sep_2021,25,0.05,0.11051915919745632,0.21322294308162676,-0.00421480530594784,0.5072731918508195,0.8092479674796751
lexical only (Tier 1b),Sep_2021,50,0.0,0.1310068719006034,0.24021864245434169,0.00701357466063344,0.5308412092931042,0.8098642533936651
lexical only (Tier 1b),Sep_2021,100,0.0,0.1508362271647504,0.26849031754935054,0.0380116959064327,0.5437477308044105,0.8079166666666667
lexical only (Tier 1b),Sep_2021,200,0.0,0.1841657647907648,0.3090477577977578,0.04507042253521122,0.5560569132109588,0.8054929577464789
lexical only (Tier 1b),Menon_2022,25,0.15,0.09359267878876669,0.1962757915912176,0.03058823529411761,0.5063118705392905,0.8782941176470588
lexical only (Tier 1b),Menon_2022,50,0.0,0.08518057003299209,0.17841265920100988,0.0319459459459459,0.5019117228933553,0.8779797297297296
lexical only (Tier 1b),Menon_2022,100,0.0,0.0844916132959537,0.18799621725936086,0.037628571428571386,0.5098998723340428,0.8776371428571427
lexical only (Tier 1b),Menon_2022,200,0.0,0.09266215437190455,0.20415128255396767,0.03564516129032254,0.5148438898990069,0.8774629032258063
lexical only (Tier 1b),van_der_Waal_2022,25,0.575,0.2744900379506641,0.4366105313092979,0.078050809012551,0.6636314654994269,0.9343989112354453
lexical only (Tier 1b),van_der_Waal_2022,50,0.275,0.29015804597701156,0.46741981831664814,0.10339439655172407,0.6833696367589445,0.9343202227011493
lexical only (Tier 1b),van_der_Waal_2022,100,0.225,0.31605853875871637,0.5019836855765665,0.08270657236501633,0.6931367565326451,0.9342349491116093
lexical only (Tier 1b),van_der_Waal_2022,200,0.05,0.3015113397989474,0.4986380822746522,0.06916443651501632,0.6837625637669659,0.9340677966101695
lexical — SHUFFLED briefs (control),Sep_2021,25,0.05,0.1135987511738509,0.21652646071033743,0.03279845956354296,0.5349629735786181,0.8092479674796751
lexical — SHUFFLED briefs (control),Sep_2021,50,0.0,0.12003099378601043,0.23701569290995012,0.06346153846153842,0.5603522029393375,0.8098642533936651
lexical — SHUFFLED briefs (control),Sep_2021,100,0.0,0.1210450631882416,0.23243986641100584,0.0869883040935672,0.5621936683407994,0.8079166666666667
lexical — SHUFFLED briefs (control),Sep_2021,200,0.0,0.10966644466644468,0.2475820013320013,0.0929577464788732,0.578264802034407,0.8054929577464789
lexical — SHUFFLED briefs (control),Menon_2022,25,0.15,0.0972336581525559,0.23871770919046517,0.03291021671826621,0.5390354821804146,0.8782941176470588
lexical — SHUFFLED briefs (control),Menon_2022,50,0.0,0.0988041013927208,0.2297885002017046,0.03310810810810806,0.5290360290370675,0.8779797297297296
lexical — SHUFFLED briefs (control),Menon_2022,100,0.0,0.11768354540776085,0.2347942322690119,0.04365714285714281,0.5346505618338742,0.8776371428571427
lexical — SHUFFLED briefs (control),Menon_2022,200,0.0,0.10884275318045811,0.22433038300071476,0.026161290322580598,0.5259533469124399,0.8774629032258063
lexical — SHUFFLED briefs (control),van_der_Waal_2022,25,0.575,0.17510673624288423,0.3389468690702087,0.230084681687585,0.6684601729277492,0.9343989112354453
lexical — SHUFFLED briefs (control),van_der_Waal_2022,50,0.275,0.16138765294771967,0.3348396366332963,0.18453663793103442,0.648756243862647,0.9343202227011493
lexical — SHUFFLED briefs (control),van_der_Waal_2022,100,0.225,0.18112501046563084,0.3625355083904458,0.19638606175608064,0.6712893561531397,0.9342349491116093
lexical — SHUFFLED briefs (control),van_der_Waal_2022,200,0.05,0.21783336783281898,0.4312501237102768,0.2365744870651204,0.7132670201920088,0.9340677966101695
jasper: embedding,Sep_2021,25,0.05,0.15949366125387301,0.28985448979601325,0.040286692340607576,0.5864365156624819,0.8092479674796751
jasper: embedding,Sep_2021,50,0.0,0.2343402050812208,0.36938608753622887,0.08834841628959271,0.6691165317470995,0.8098642533936651
jasper: embedding,Sep_2021,100,0.0,0.2717317821830566,0.4327595127192203,0.18172514619883035,0.7243696311706527,0.8079166666666667
jasper: embedding,Sep_2021,200,0.0,0.3019070512820513,0.46908532439782447,0.1957746478873239,0.7599634927629878,0.8054929577464789
jasper: embedding,Menon_2022,25,0.15,0.5129575484200617,0.7279312697191849,0.40752321981424144,0.8631400425457588,0.8782941176470588
jasper: embedding,Menon_2022,50,0.0,0.5858967925546266,0.7888334103321467,0.48024324324324325,0.8934899012344527,0.8779797297297296
jasper: embedding,Menon_2022,100,0.0,0.6496951862609244,0.8264668540922347,0.5174285714285715,0.9136310916971955,0.8776371428571427
jasper: embedding,Menon_2022,200,0.0,0.6981400346130332,0.8657149633826094,0.5701612903225806,0.929583637175438,0.8774629032258063
jasper: embedding,van_der_Waal_2022,25,0.575,0.5179079696394687,0.7645279886148008,0.5842960834719491,0.8734440638358827,0.9343989112354453
jasper: embedding,van_der_Waal_2022,50,0.275,0.6096148498331478,0.8083217463848721,0.5770653735632184,0.8880615542916017,0.9343202227011493
jasper: embedding,van_der_Waal_2022,100,0.225,0.6480683435597498,0.8196511655722607,0.5604536829394514,0.8951490520729818,0.9342349491116093
jasper: embedding,van_der_Waal_2022,200,0.05,0.6879591982211121,0.8354189453363974,0.5448409158489443,0.8992733131081946,0.9340677966101695
jasper: embedding + lexical,Sep_2021,25,0.05,0.14187148517164236,0.2577341119563861,0.023491655969191224,0.5660500187438853,0.8092479674796751
jasper: embedding + lexical,Sep_2021,50,0.0,0.2118023115276336,0.3627713907636232,0.06877828054298638,0.6508756009767858,0.8098642533936651
jasper: embedding + lexical,Sep_2021,100,0.0,0.255116684366497,0.39710582200574707,0.13845029239766077,0.694731174547464,0.8079166666666667
jasper: embedding + lexical,Sep_2021,200,0.0,0.2838055000555001,0.4218757284382285,0.178169014084507,0.7235230685949815,0.8054929577464789
jasper: embedding + lexical,Menon_2022,25,0.15,0.415936849046648,0.6072574149553756,0.25566563467492254,0.8037720412471063,0.8782941176470588
jasper: embedding + lexical,Menon_2022,50,0.0,0.5269777915664007,0.7096658679141432,0.34337837837837837,0.8532279571355341,0.8779797297297296
jasper: embedding + lexical,Menon_2022,100,0.0,0.6038072433600017,0.7843496235715124,0.41657142857142854,0.8877238455864548,0.8776371428571427
jasper: embedding + lexical,Menon_2022,200,0.0,0.6625133230096534,0.8376708782341783,0.5066774193548387,0.9148765906485344,0.8774629032258063
jasper: embedding + lexical,van_der_Waal_2022,25,0.575,0.4682756166982922,0.6781902277039848,0.3875926205957962,0.8215737544629524,0.9343989112354453
jasper: embedding + lexical,van_der_Waal_2022,50,0.275,0.5320587690025955,0.7380700778642937,0.43480603448275856,0.8484476009867588,0.9343202227011493
jasper: embedding + lexical,van_der_Waal_2022,100,0.225,0.6018558553709618,0.7939897377013885,0.5069259962049335,0.8775988384429365,0.9342349491116093
jasper: embedding + lexical,van_der_Waal_2022,200,0.05,0.659479244590589,0.8196118831097022,0.5065269104965804,0.8884966738360911,0.9340677966101695
qwen3-4b: embedding,Sep_2021,25,0.05,0.19424035105438756,0.32732221005754886,0.038147197261446254,0.6111199867000134,0.8092479674796751
qwen3-4b: embedding,Sep_2021,50,0.0,0.26771940387729626,0.4102256130316575,0.09671945701357462,0.6937608922046217,0.8098642533936651
qwen3-4b: embedding,Sep_2021,100,0.0,0.29311579260042525,0.46705294199803193,0.1846491228070175,0.7447385728689329,0.8079166666666667
qwen3-4b: embedding,Sep_2021,200,0.0,0.33929351898101895,0.5049323246198246,0.2665492957746478,0.7867799456700836,0.8054929577464789
qwen3-4b: embedding,Menon_2022,25,0.15,0.511532016745611,0.7198956958276168,0.37111455108359126,0.8574005527864462,0.8782941176470588
qwen3-4b: embedding,Menon_2022,50,0.0,0.6049025181184984,0.7949528851159238,0.45451351351351355,0.895384591333972,0.8779797297297296
qwen3-4b: embedding,Menon_2022,100,0.0,0.6794608787860221,0.8410601708309752,0.5158857142857143,0.9194134081583908,0.8776371428571427
qwen3-4b: embedding,Menon_2022,200,0.0,0.7307756541593644,0.873900560368013,0.5897419354838709,0.9373072537827596,0.8774629032258063
qwen3-4b: embedding,van_der_Waal_2022,25,0.575,0.6707186907020873,0.8472485768500948,0.6223423559655225,0.9051530632254321,0.9343989112354453
qwen3-4b: embedding,van_der_Waal_2022,50,0.275,0.7040647015202075,0.8546903967371154,0.5905172413793103,0.9113139838561525,0.9343202227011493
qwen3-4b: embedding,van_der_Waal_2022,100,0.225,0.7273390684990491,0.8697680068654537,0.5912109711919958,0.9152740967355493,0.9342349491116093
qwen3-4b: embedding,van_der_Waal_2022,200,0.05,0.7268432959019723,0.858870703090999,0.5744424620874218,0.9113379896363242,0.9340677966101695
qwen3-4b: embedding + lexical,Sep_2021,25,0.05,0.1576193437849601,0.2801315751611946,0.018142918271287934,0.5848115478984277,0.8092479674796751
qwen3-4b: embedding + lexical,Sep_2021,50,0.0,0.24427702959301967,0.3962759811560186,0.07115384615384611,0.6754219668567163,0.8098642533936651
qwen3-4b: embedding + lexical,Sep_2021,100,0.0,0.29867031311184233,0.45459150985612756,0.13347953216374261,0.7245623876729834,0.8079166666666667
qwen3-4b: embedding + lexical,Sep_2021,200,0.0,0.30730741480741475,0.4656694347319347,0.180281690140845,0.752147618644222,0.8054929577464789
qwen3-4b: embedding + lexical,Menon_2022,25,0.15,0.41126814295970243,0.5972292850611108,0.24244582043343652,0.7935464692382327,0.8782941176470588
qwen3-4b: embedding + lexical,Menon_2022,50,0.0,0.5382131565297892,0.721208333282515,0.35191891891891885,0.8610082230504743,0.8779797297297296
qwen3-4b: embedding + lexical,Menon_2022,100,0.0,0.6353069542460213,0.8058606431533104,0.4665714285714285,0.9027863240540379,0.8776371428571427
qwen3-4b: embedding + lexical,Menon_2022,200,0.0,0.696008116340878,0.8587974102647221,0.5383225806451613,0.9254577595497053,0.8774629032258063
qwen3-4b: embedding + lexical,van_der_Waal_2022,25,0.575,0.5362903225806451,0.7130574003795066,0.413632239528202,0.8420517483400846,0.9343989112354453
qwen3-4b: embedding + lexical,van_der_Waal_2022,50,0.275,0.6143446421950314,0.7834654245457916,0.5332076149425287,0.8782878879910307,0.9343202227011493
qwen3-4b: embedding + lexical,van_der_Waal_2022,100,0.225,0.6893122734938463,0.8347606211202411,0.5122218388821804,0.895758647882602,0.9342349491116093
qwen3-4b: embedding + lexical,van_der_Waal_2022,200,0.05,0.6985061498140359,0.8546478092323258,0.5396372286648825,0.9022691243793141,0.9340677966101695
qwen3-8b: embedding,Sep_2021,25,0.05,0.19814667159342764,0.329018391480743,0.038147197261446254,0.6084360891676359,0.8092479674796751
qwen3-8b: embedding,Sep_2021,50,0.0,0.2672487013464594,0.4031152326796647,0.09377828054298638,0.6908129626199214,0.8098642533936651
qwen3-8b: embedding,Sep_2021,100,0.0,0.3084853871488054,0.4824832430743225,0.1970760233918128,0.7602794768099284,0.8079166666666667
qwen3-8b: embedding,Sep_2021,200,0.0,0.3426981005106005,0.5413903110778111,0.276056338028169,0.8028822231324693,0.8054929577464789
qwen3-8b: embedding,Menon_2022,25,0.15,0.5468571801200529,0.7454158846340299,0.41061919504643957,0.8702715415484644,0.8782941176470588
qwen3-8b: embedding,Menon_2022,50,0.0,0.6042982838077007,0.7935374390488238,0.46997297297297297,0.8982033085782593,0.8779797297297296
qwen3-8b: embedding,Menon_2022,100,0.0,0.6764955332950292,0.8285967654664566,0.5129142857142857,0.9179905323044085,0.8776371428571427
qwen3-8b: embedding,Menon_2022,200,0.0,0.7193320821165076,0.8628606625585313,0.5754193548387097,0.9359852163568452,0.8774629032258063
qwen3-8b: embedding,van_der_Waal_2022,25,0.575,0.5657613851992409,0.8142196394686907,0.6199228791773779,0.8878915989987141,0.9343989112354453
qwen3-8b: embedding,van_der_Waal_2022,50,0.275,0.6197302558398219,0.8301191138301817,0.5845905172413793,0.893997846126424,0.9343202227011493
qwen3-8b: embedding,van_der_Waal_2022,100,0.225,0.6935415844367097,0.8651075119308191,0.5991288597550457,0.9093187449189102,0.9342349491116093
qwen3-8b: embedding,van_der_Waal_2022,200,0.05,0.7182979185078008,0.8654975950644751,0.5897264347308949,0.9101258752840727,0.9340677966101695
qwen3-8b: embedding + lexical,Sep_2021,25,0.05,0.16434186103379309,0.2837861078943724,0.01247325631151044,0.5809009557093233,0.8092479674796751
qwen3-8b: embedding + lexical,Sep_2021,50,0.0,0.2369751195292765,0.3957445866589201,0.07251131221719453,0.6701841445187217,0.8098642533936651
qwen3-8b: embedding + lexical,Sep_2021,100,0.0,0.2855734737040959,0.46754678653985254,0.15628654970760228,0.7351845653417379,0.8079166666666667
qwen3-8b: embedding + lexical,Sep_2021,200,0.0,0.34507149100899104,0.5313013722388723,0.1616197183098591,0.7669113463273037,0.8054929577464789
qwen3-8b: embedding + lexical,Menon_2022,25,0.15,0.4263644732988799,0.6188973205750339,0.2411455108359133,0.8026495229731518,0.8782941176470588
qwen3-8b: embedding + lexical,Menon_2022,50,0.0,0.539323749227462,0.7324543585754751,0.364027027027027,0.8639131525784822,0.8779797297297296
qwen3-8b: embedding + lexical,Menon_2022,100,0.0,0.6392783993352606,0.8013269963545848,0.44568571428571424,0.9006287916504959,0.8776371428571427
qwen3-8b: embedding + lexical,Menon_2022,200,0.0,0.6882176305432312,0.8432604994268882,0.5129677419354839,0.9212188248570985,0.8774629032258063
qwen3-8b: embedding + lexical,van_der_Waal_2022,25,0.575,0.5161290322580645,0.6911171726755219,0.40035536065325866,0.828795632340241,0.9343989112354453
qwen3-8b: embedding + lexical,van_der_Waal_2022,50,0.275,0.5907744716351502,0.7663306451612903,0.4875538793103448,0.864773339586228,0.9343202227011493
qwen3-8b: embedding + lexical,van_der_Waal_2022,100,0.225,0.6687516445991364,0.8379820918104943,0.5428238744178023,0.8936631083523799,0.9342349491116093
qwen3-8b: embedding + lexical,van_der_Waal_2022,200,0.05,0.7145685976776077,0.858721964231119,0.5670680939637229,0.9074987387594461,0.9340677966101695
