use_case,variant,reader_d_auc,reader_d_f2_own,reader_d_screened_own,reader_d_recall_own,matcher_fitted_d,matcher_unfitted_worst_d,matcher_d_bm25_obj,matcher_d_bm25_nice,matcher_d_overlap_must_frac
brouwer_2019,conflicting,0.056805555555555554,-0.09025905726404543,0.010251343618813339,0.16666666666666663,-0.016266666666666763,-0.02203333333333335,0.0,0.0,-0.02203333333333335
brouwer_2019,conflicting_prose,0.04819444444444443,-0.28558692655508694,0.07015508436054438,0.16666666666666663,,,,,
brouwer_2019,fluff_replace,-0.06652777777777774,-0.10282457017908014,0.0066559711935256765,0.0,-0.0014133333333331555,-0.2550666666666667,-0.2550666666666667,0.0,0.0
brouwer_2019,full,0.0,0.0,0.0,0.0,0.0,0.0,0.0,0.0,0.0
brouwer_2019,keyword_flood,-0.0002777777777778212,0.03458420810676344,0.00013369341426241327,0.08333333333333326,-0.06322666666666654,-0.16723333333333323,0.0,-0.08086666666666664,-0.16723333333333323
brouwer_2019,only_name,0.054444444444444406,-0.2204412013790741,0.033547242796153204,0.16666666666666663,-0.013519999999999976,,-0.2518,-0.2351333333333333,
brouwer_2019,shuffled,-0.4451388888888889,-0.3768522287040806,-0.011320890932912645,-0.8333333333333334,,,,,
brouwer_2019,vague_objective,-0.060138888888888964,-0.13572103404368974,0.009983956790288512,0.0,0.006000000000000005,-0.3602,-0.3602,0.0,0.0
leenaars_2020,conflicting,0.007188405797101338,0.08347809927106017,0.0029135618479880776,0.06956521739130435,-0.04760579710144919,-0.03204347826086951,0.0,0.0,-0.03204347826086951
leenaars_2020,conflicting_prose,0.041565217391304365,0.33175574259729435,0.10064828614008942,0.3565217391304348,,,,,
leenaars_2020,fluff_replace,0.02862318840579703,0.14978640841628169,0.017272727272727273,0.13043478260869565,0.03182898550724644,-0.205036231884058,-0.205036231884058,0.0,0.0
leenaars_2020,full,0.0,0.0,0.0,0.0,0.0,0.0,0.0,0.0,0.0
leenaars_2020,keyword_flood,-0.019000000000000017,0.000370047832115878,-0.00609538002980626,0.0,-0.21997101449275347,-0.08924637681159409,0.0,-0.07901811594202901,-0.08924637681159409
leenaars_2020,only_name,-0.05568115942028984,0.1139995477816734,0.005149031296572281,0.09565217391304348,-0.07606376811594195,,-0.054166666666666696,-0.12528623188405796,
leenaars_2020,shuffled,-0.2714202898550725,-0.021085035949986293,-0.010633383010432191,-0.017391304347826087,,,,,
leenaars_2020,vague_objective,0.052246376811594164,0.19607451709617002,0.024046199701937408,0.17391304347826086,0.013782608695652065,-0.1731086956521739,-0.1731086956521739,0.0,0.0
moran_2021,conflicting,-0.0019696969696969546,-0.0013078638127343514,0.013048709489617671,0.0,0.006219696969696931,0.0,0.0,0.0,0.048901515151515085
moran_2021,conflicting_prose,-0.051969696969696944,0.005948554428280708,0.12493304870948965,0.045454545454545456,,,,,
moran_2021,fluff_replace,-0.021818181818181848,0.01237312258493551,0.06295167863380555,0.045454545454545456,-0.0038333333333333552,-0.00708333333333333,-0.00708333333333333,0.0,0.0
moran_2021,full,0.0,0.0,0.0,0.0,0.0,0.0,0.0,0.0,0.0
moran_2021,keyword_flood,-0.003257575757575737,0.00035232302598902504,-0.0032621773724044734,0.0,-0.01169696969696965,0.0,0.0,0.12412878787878784,0.13443181818181826
moran_2021,only_name,-0.07515151515151508,0.005948554428280708,0.12493304870948965,0.045454545454545456,0.0157613636363636,,-0.09102272727272731,0.02250000000000002,
moran_2021,shuffled,0.0675,-0.022715089179440123,-0.12819522608189401,-0.045454545454545456,,,,,
moran_2021,vague_objective,-0.010303030303030258,0.02912380934764397,0.06718416456433143,0.0909090909090909,-0.025181818181818194,-0.08776515151515152,-0.08776515151515152,0.0,0.0
muthu_2021,conflicting,0.11151741293532336,0.2916826514803828,0.05390749007936506,0.26865671641791045,-0.019358208955223777,-0.0020522388059701635,0.0,0.0,-0.0020522388059701635
muthu_2021,conflicting_prose,0.14624378109452718,0.09270980858325013,0.05784722222222222,0.08955223880597016,,,,,
muthu_2021,fluff_replace,0.1169154228855721,-0.05471710043141394,-0.008498263888888887,-0.04477611940298507,-0.011564676616915293,-0.14626865671641787,-0.14626865671641787,0.0,0.0
muthu_2021,full,0.0,0.0,0.0,0.0,0.0,0.0,0.0,0.0,0.0
muthu_2021,keyword_flood,0.013805970149253666,-0.05471710043141394,-0.008498263888888887,-0.04477611940298507,-0.05354228855721388,-0.0671641791044777,0.0,-0.0671641791044777,-0.06435323383084568
muthu_2021,only_name,0.006368159203980039,-0.001224382573405014,0.011671626984126984,0.0,-0.1866169154228854,,-0.14013681592039795,-0.06179104477611941,
muthu_2021,shuffled,-0.08604477611940309,-0.05471710043141394,-0.011416170634920631,-0.04477611940298507,,,,,
muthu_2021,vague_objective,0.1247263681592039,-0.05471710043141394,-0.008498263888888887,-0.04477611940298507,0.0012089552238805368,-0.14057213930348256,-0.14057213930348256,0.0,0.0
nelson_2002,conflicting,0.00390625,0.019713261648745428,-0.041666666666666685,0.0,0.0033783783783783994,0.0,0.0,0.0,0.007179054054054057
nelson_2002,conflicting_prose,-0.017857142857142794,-0.006291466483642316,0.013888888888888895,0.0,,,,,
nelson_2002,fluff_replace,-0.0379464285714286,-0.006291466483642316,0.013888888888888895,0.0,0.021790540540540526,-0.12415540540540554,-0.12415540540540554,0.0,0.0
nelson_2002,full,0.0,0.0,0.0,0.0,0.0,0.0,0.0,0.0,0.0
nelson_2002,keyword_flood,-0.006696428571428603,0.006428237494156219,-0.013888888888888895,0.0,-0.08716216216216222,-0.11233108108108114,0.0,-0.08037725225225234,-0.11233108108108114
nelson_2002,only_name,-0.0546875,-0.04139784946236558,0.09722222222222221,0.0,-0.024465090090090014,,-0.020551801801801828,-0.04237049549549554,
nelson_2002,shuffled,-0.2862723214285714,-0.5913978494623656,-0.4027777777777778,-0.6875,,,,,
nelson_2002,vague_objective,-0.033482142857142794,-0.012450481041312966,0.02777777777777779,0.0,0.0018581081081080475,-0.061092342342342454,-0.061092342342342454,0.0,0.0
sep_2021,conflicting,0.0,0.013976240391334604,-0.01851851851851849,0.0,,-0.0268342391304347,0.0,0.0,-0.0268342391304347
sep_2021,conflicting_prose,-0.0040760869565217295,-0.10582010582010593,0.16666666666666669,0.0,,,,,
sep_2021,fluff_replace,0.013586956521739246,-0.06277463904582559,0.09259259259259262,0.0,,-0.019701086956521674,-0.019701086956521674,0.0,0.0
sep_2021,full,0.0,0.0,0.0,0.0,,0.0,0.0,0.0,0.0
sep_2021,keyword_flood,-0.009510869565217406,0.059259259259259234,-0.07407407407407407,0.0,,-0.13111413043478248,0.0,-0.06385869565217384,-0.13111413043478248
sep_2021,only_name,-0.010869565217391353,0.013976240391334604,-0.01851851851851849,0.0,,,-0.005434782608695565,0.004076086956521785,
sep_2021,shuffled,-0.47690217391304346,-0.7407407407407408,-0.4074074074074074,-1.0,,,,,
sep_2021,vague_objective,0.009510869565217406,-0.02645502645502651,0.037037037037037035,0.0,,-0.05842391304347827,-0.05842391304347827,0.0,0.0
van_der_valk_2021,conflicting,-0.04494117647058826,0.02386502386502387,0.056338028169014065,0.05882352941176466,-0.0065863453815260264,-0.01015490533562824,0.0,0.0,-0.01015490533562824
van_der_valk_2021,conflicting_prose,-0.11058823529411765,0.027472527472527486,0.34507042253521125,0.23529411764705882,,,,,
van_der_valk_2021,fluff_replace,0.0018823529411764461,0.1440138808559861,0.028169014084507032,0.1764705882352941,-0.015582329317269106,-0.21594951233505444,-0.21594951233505444,0.0,0.0
van_der_valk_2021,full,0.0,0.0,0.0,0.0,0.0,0.0,0.0,0.0,0.0
van_der_valk_2021,keyword_flood,-0.026117647058823468,0.05494505494505497,0.0,0.05882352941176466,-0.033459552495696876,-0.02799770510613886,0.0,0.020539300057372256,-0.02799770510613886
van_der_valk_2021,only_name,-0.1319999999999999,0.027472527472527486,0.049295774647887314,0.05882352941176466,-0.08603557085484792,,-0.2823293172690763,-0.19328743545611016,
van_der_valk_2021,shuffled,-0.28847058823529415,-0.32967032967032966,-0.1619718309859155,-0.35294117647058826,,,,,
van_der_valk_2021,vague_objective,0.002588235294117669,0.1295133437990581,0.049295774647887314,0.1764705882352941,-0.010900745840504822,-0.31359724612736667,-0.31359724612736667,0.0,0.0
van_dis_2020,conflicting,-0.00202380952380965,-0.016536730930375332,-0.0005595344673231806,-0.0714285714285714,-0.018735632183907835,-0.021408045977011514,0.0,0.0,-0.021408045977011514
van_dis_2020,conflicting_prose,-0.04726190476190473,-0.07988821597006632,0.07937332139659806,0.0,,,,,
van_dis_2020,fluff_replace,-0.01261904761904753,-0.05096970412882951,0.04299388242315727,0.0,-0.0003333333333331856,-0.44557471264367826,-0.44557471264367826,0.0,0.0
van_dis_2020,full,0.0,0.0,0.0,0.0,0.0,0.0,0.0,0.0,0.0
van_dis_2020,keyword_flood,-0.00309523809523804,-0.011797567519473223,-0.0038667561921814364,-0.0714285714285714,-0.037137931034482596,-0.2565229885057472,0.0,-0.17637931034482757,-0.2565229885057472
van_dis_2020,only_name,-0.03749999999999998,-0.04147645566491662,0.005495374515070123,-0.1428571428571429,-0.3641839080459769,,-0.36074712643678164,-0.21212643678160914,
van_dis_2020,shuffled,-0.47285714285714286,-0.24247070722932193,-0.1302006863622799,-1.0,,,,,
van_dis_2020,vague_objective,-0.008452380952380878,-0.006855328190632587,-0.0071739779170396645,-0.0714285714285714,-0.002425287356321859,-0.47959770114942535,-0.47959770114942535,0.0,0.0
