representation,use_case,n_labels,roc_auc,pr_auc,recall_at_10pct,f2_at_0.5
embedding,carbon_capture,0,0.6159183673469387,0.5861321783595527,0.12244897959183673,0.27993779160186627
embedding,carbon_capture,25,0.718155610098609,0.704984289217757,0.15909056809908081,0.6548770449402811
embedding,carbon_capture,50,0.7365162115959427,0.7252032508629648,0.1676053845258684,0.6640979800483975
embedding,carbon_capture,100,0.7579949350454867,0.7484188211516077,0.1731718037288818,0.6878138859321904
embedding,carbon_capture,200,0.7576739689841011,0.7488409743553032,0.1855113790748601,0.7007704703203376
embedding,cement_binders,0,0.644693094629156,0.7212604260798801,0.09411764705882353,0.6476997578692494
embedding,cement_binders,25,0.8298457881353927,0.882681992427344,0.1443716020214782,0.8796098121756728
embedding,cement_binders,50,0.8407316926792473,0.892259934391315,0.14403101724035172,0.861385444425355
embedding,cement_binders,100,0.8430357840255189,0.8861025626117417,0.1418055774622602,0.8616722177152303
embedding,cement_binders,200,0.836258524429218,0.8733273745162944,0.13089290199550818,0.8550946766440419
embedding,ner,0,0.47301859223056386,0.6848894682058045,0.08968609865470852,0.15991471215351813
embedding,ner,25,0.6325015671725078,0.8043208931944358,0.1195028206951777,0.804201705315774
embedding,ner,50,0.6662244356387015,0.828912938965522,0.12536906853303503,0.8073748149531909
embedding,ner,100,0.6815867262324717,0.8390728833577629,0.12662140346873552,0.7882906933364892
embedding,ner,200,0.7220832660766036,0.8658382038772447,0.12772291305954175,0.7895084396931182
embedding,soil_microbiome,0,0.5268586683925249,0.26475956037711634,0.07446808510638298,0.012953367875647668
embedding,soil_microbiome,25,0.6628833009493527,0.4325453900807946,0.19988061675030214,0.3650272447886379
embedding,soil_microbiome,50,0.6910289689722755,0.4573473337119494,0.20269207192401947,0.41430969898747555
embedding,soil_microbiome,100,0.7090511369155916,0.48856907748565215,0.2232276487959154,0.4587255354586028
embedding,soil_microbiome,200,0.6931130667540256,0.4708818851550862,0.22914733090361,0.4641978004876544
embedding,solar_leo,0,0.443495514147688,0.7297363136192612,0.08333333333333333,0.11800699300699301
embedding,solar_leo,25,0.5528975191173214,0.7924862981569133,0.10518553714443338,0.8399027264832801
embedding,solar_leo,50,0.606715775144852,0.8216408470312093,0.11043464913369255,0.827493852727515
embedding,solar_leo,100,0.644450156587072,0.8488549098703742,0.1172734308488775,0.8107389667774791
embedding,solar_leo,200,0.6562012383349274,0.8510184757368606,0.11713708263711481,0.8193225287123063
embedding,tech_forecasting,0,0.5152092386451574,0.5990574782441465,0.08280254777070063,0.09216589861751152
embedding,tech_forecasting,25,0.6228915424883615,0.6900990286494225,0.12025252361061665,0.7213494786844616
embedding,tech_forecasting,50,0.6522359335162499,0.7122999294891775,0.12274210707520894,0.7186656405559614
embedding,tech_forecasting,100,0.6815540304380358,0.7349127871391528,0.13372819263205996,0.7296531184722361
embedding,tech_forecasting,200,0.6892114865707427,0.7388420794722002,0.11610837989128735,0.7271081703643699
Tier 1b,carbon_capture,0,0.7435827664399093,0.7215986856397065,0.17006802721088435,0.8323699421965318
Tier 1b,carbon_capture,25,0.676053954619793,0.6638527903151961,0.14839680801717622,0.6231283772046559
Tier 1b,carbon_capture,50,0.7179826516845881,0.7063143065647104,0.16771053519167314,0.6468481614033827
Tier 1b,carbon_capture,100,0.7402837712685849,0.720284694935897,0.1673744788304241,0.6786403770831078
Tier 1b,carbon_capture,200,0.7775299695155979,0.7574010260932081,0.17854673517434994,0.7078717834185337
Tier 1b,cement_binders,0,0.8896419437340154,0.9321278768346386,0.15294117647058825,0.07959479015918958
Tier 1b,cement_binders,25,0.8227921331894683,0.8715668814150649,0.14125178233206978,0.8108394349550463
Tier 1b,cement_binders,50,0.8542947630719142,0.8991752648450221,0.14430982642852447,0.8355036539575356
Tier 1b,cement_binders,100,0.8655255066323142,0.9037150852686814,0.14565676375338937,0.8356917740244256
Tier 1b,cement_binders,200,0.8773477895774414,0.9218479686361438,0.14617617620083512,0.8395663504134325
Tier 1b,ner,0,0.673250365294503,0.79623376073982,0.10762331838565023,0.8894645941278065
Tier 1b,ner,25,0.634862862793536,0.7791817483671469,0.10725807353478604,0.7169959331466083
Tier 1b,ner,50,0.6545032484268465,0.793080483629881,0.10896323340211539,0.7320785242844496
Tier 1b,ner,100,0.6806556181467899,0.8086539161056747,0.11188113425836498,0.7389534204001451
Tier 1b,ner,200,0.7193933674807289,0.8383046723169936,0.11527467378697973,0.7298381340754143
Tier 1b,soil_microbiome,0,0.594045789175633,0.36246002733362104,0.1702127659574468,0.5443886097152428
Tier 1b,soil_microbiome,25,0.5330435253026402,0.3050297038657155,0.12435476232555912,0.3849216256812815
Tier 1b,soil_microbiome,50,0.5892615089711645,0.34516270580224073,0.14439052838903652,0.46028234446748106
Tier 1b,soil_microbiome,100,0.6418929344028038,0.39127556615740483,0.166940498746514,0.5253872278720648
Tier 1b,soil_microbiome,200,0.6824758859131557,0.42955916223176227,0.1745266389494842,0.571461970203373
Tier 1b,solar_leo,0,0.4133454106280194,0.7189731303729194,0.08333333333333333,0.9278350515463918
Tier 1b,solar_leo,25,0.5722445448155598,0.8157246606660941,0.11343106450152175,0.7015200118086967
Tier 1b,solar_leo,50,0.5812234751259632,0.8237186146637786,0.11346076731537219,0.6473423472609159
Tier 1b,solar_leo,100,0.592536045610225,0.8324082482871009,0.11469150490455297,0.6142082536584447
Tier 1b,solar_leo,200,0.6053854492578681,0.8370999047575868,0.11693580603113768,0.5894657343235508
Tier 1b,tech_forecasting,0,0.5399130900648849,0.6433301972078069,0.10191082802547771,0.1225114854517611
Tier 1b,tech_forecasting,25,0.5684848680702899,0.6548543065861425,0.1144632500685259,0.6141218712528396
Tier 1b,tech_forecasting,50,0.5899603634707993,0.6786598896471067,0.1256251932897828,0.597069759127016
Tier 1b,tech_forecasting,100,0.610842278060801,0.6943924223678999,0.12663808624401895,0.5877901916986343
Tier 1b,tech_forecasting,200,0.6391443467829504,0.7263554551904718,0.12212776918527618,0.5789866061748719
Tier 1b + embedding,carbon_capture,0,0.6540589569160997,0.6227694082319395,0.14965986394557823,0.4864091559370529
Tier 1b + embedding,carbon_capture,25,0.7456543934481493,0.7305021043678691,0.16470886767709922,0.6791245494417726
Tier 1b + embedding,carbon_capture,50,0.7660953257716041,0.7519945265712795,0.16924661482633618,0.6923033103552119
Tier 1b + embedding,carbon_capture,100,0.7838607679762718,0.7740799985977596,0.18062088859944495,0.7201310120197246
Tier 1b + embedding,carbon_capture,200,0.7887487707122932,0.7810137324486367,0.18626406916828825,0.7257677388914572
Tier 1b + embedding,cement_binders,0,0.7407928388746803,0.805913900052743,0.12941176470588237,0.5605095541401274
Tier 1b + embedding,cement_binders,25,0.8397488765230715,0.8888766519651338,0.14648193795021774,0.885106138044374
Tier 1b + embedding,cement_binders,50,0.8545132252968344,0.9021232676269553,0.1457923839559335,0.8683433888872972
Tier 1b + embedding,cement_binders,100,0.8593553594306726,0.8973425986702587,0.14293815192466736,0.863443960808771
Tier 1b + embedding,cement_binders,200,0.858643764998027,0.8876630014815524,0.1308205342442438,0.8715648183064987
Tier 1b + embedding,ner,0,0.5324230362271376,0.7230449343924843,0.08968609865470852,0.22584033613445378
Tier 1b + embedding,ner,25,0.6497095411638196,0.8142194630471475,0.12105825999194117,0.8129893408811979
Tier 1b + embedding,ner,50,0.6810608071226593,0.8352880318957537,0.1255831062998748,0.8141973979012431
Tier 1b + embedding,ner,100,0.6990801737525589,0.8474509186615926,0.12587347974567434,0.800403966912838
Tier 1b + embedding,ner,200,0.7357764454284178,0.8739857087133646,0.127284641615505,0.7972619101775885
Tier 1b + embedding,soil_microbiome,0,0.537941914084621,0.2750871935023997,0.0851063829787234,0.05037783375314862
Tier 1b + embedding,soil_microbiome,25,0.661757526730657,0.4315346870819425,0.19306959657399125,0.35394982610041337
Tier 1b + embedding,soil_microbiome,50,0.6934054785274962,0.4601096555787704,0.20311900868844623,0.42363642957647213
Tier 1b + embedding,soil_microbiome,100,0.7116341170909486,0.48935792133776923,0.2210680475969392,0.4660027192473772
Tier 1b + embedding,soil_microbiome,200,0.6949728835759724,0.47085974675233816,0.2165401759746263,0.46690350045684764
Tier 1b + embedding,solar_leo,0,0.42348171152518976,0.7245106574644551,0.08695652173913043,0.717948717948718
Tier 1b + embedding,solar_leo,25,0.5622186750411532,0.7981086890518752,0.10580508934957562,0.8417645039432498
Tier 1b + embedding,solar_leo,50,0.6146378407550884,0.8260054211458541,0.11077776726667107,0.8319180288535023
Tier 1b + embedding,solar_leo,100,0.6531723324779609,0.8513360957363391,0.11648672722319693,0.814496452136746
Tier 1b + embedding,solar_leo,200,0.6633111521393152,0.8527647602488835,0.11552659002957083,0.8192921438517723
Tier 1b + embedding,tech_forecasting,0,0.5647359961902494,0.6406726237728737,0.09554140127388536,0.2708638360175695
Tier 1b + embedding,tech_forecasting,25,0.6273259758550407,0.6926136195777969,0.1210869872703247,0.7201921493219267
Tier 1b + embedding,tech_forecasting,50,0.6584396909847104,0.7175306476019923,0.12364687309546017,0.7204049360247747
Tier 1b + embedding,tech_forecasting,100,0.6880874351151545,0.7399249891517856,0.1333206298575473,0.7325780413513405
Tier 1b + embedding,tech_forecasting,200,0.7087567989449817,0.755836858686935,0.12676652560206464,0.7396117446928017
